{
  "name": "Огнестойкость",
  "icon": "minecraft:magma_cream",
  "category": "bloodmagic:alchemy_table/potion_flasks/vanilla",
  "pages": [
    {
      "type": "patchouli:text",
      "text": "$(thing)Огнестойкость$() делает объект невосприимчивым к большинству повреждений, наносимых огнем."
    },
    {
      "type": "bloodmagic:3x_crafting_flask",
      "a.heading": "Огнестойкость (3:00)",
      "a.recipe": "bloodmagic:flask/fire_resist",
      "b.heading": "Огнестойкость (8:00)",
      "b.recipe": "bloodmagic:flask/length_fire_resist",
      "c.heading": "Огнестойкость (21:20)",
      "c.recipe": "bloodmagic:flask/length_average_fire_resist"
    }
  ]
}
