{
	"name": "Масло",
	"icon": "caupona:gravy_boat",
	"category": "caupona:resting",
	"sortnum": 5,
	"pages": [
		{
			"type": "text",
			"text": "Масло необходимо при обжаривании и производится путем выдерживания $(l:worldgen/plants)грецких орехов$(/l) и наковальни (не расходуется) в долиях. 8 грецких орехов дают бутылку масла, которую можно использовать 5 раз."
		},
		{
			"type": "text",
			"text": "Вы можете размещать бутылки с маслом в мире как соусницы, которые предоставляют масло для соседних сковородок. Направление, в котором обращены соусницы, не имеет значения."
		}
	]
}