{
    "name": "С чего начать",
    "icon": "minecraft:writable_book",
    "category": "productivebees:guide",
    "pages": [
        {
            "type": "patchouli:text",
            "text": "Productive Bees строится на основе ванильных пчёл. Это руководство предполагает, что у вас уже есть некоторое понимание ванильной системы."
        },
        {
            "type": "patchouli:text",
            "text": "Помимо ванильных пчёл вы встретите множество новых пчёл, живущих в хорошо спрятанных $(l:hives/nests)гнёздах$(/l) в разных биомах Верхнего мира. Эти пчёлы — отшельники, что означает, что они не будут жить в улье. Однако их генетика позволяет разводить разные виды пчёл, к тому же они выглядят круто."
        },
        {
            "type": "patchouli:text",
            "text": "Первое, что вам нужно найти, — это ванильное пчелиное гнездо, чтобы получить несколько бутылок мёда и медовые соты. Бутылки мёда понадобятся для создания $(l:items/bee_cage)пчелиных клеток$(/l), которые значительно упрощают транспортировку пчёл к вам домой."
        },
        {
            "type": "patchouli:text",
            "text": "Как только вы соберёте достаточно медовых сот, создайте себе $(l:hives/advanced_hives)продвинутый улей$(/l) и $(l:hives/expansion_boxes)коробку расширения$(/l). $(l:hives/advanced_hives)Продвинутый улей$(/l) позволяет заглянуть внутрь и следить за своими пчёлами и тем, что они производят."
        },
        {
            "type": "patchouli:text",
            "text": "Некоторые пчёлы могут быть найдены только в других измерениях или получены через разведение. Используйте JEI, чтобы посмотреть рецепты разведения и узнать, как найти пчёл, которые вам нужны."
        }
    ]
}