{
    "name": "Драконовая пчела",
    "icon": "productivebees:draconic_chunk",
    "read_by_default": true,
    "category": "productivebees:bees_wild",
    "pages": [
        {
            "type": "patchouli:text",
            "title": "Драконовая пчела",
            "text": "Изредка обитает в обсидиановых колоннах на главном острове Энда. Драконовые пчёлы, летающие кругом по энду собирают нектар из воздуха. Если у них появится шанс, то они будут «собирать» яйцо дракона.",
            "anchor": "draconic"
        },
        {
            "type": "patchouli:entity",
            "entity": "productivebees:configurable_bee{type:'productivebees:draconic'}"
        }
    ]
}