{
    "name": "Эндер-пчела",
    "icon": "minecraft:ender_pearl",
    "read_by_default": true,
    "category": "productivebees:bees_wild",
    "flag": "productivebees:ender",
    "pages": [
        {
            "type": "patchouli:text",
            "title": "Эндер-пчела",
            "text": "Обитает в гнёздах из эндерняка на островах Энда. Эндер-пчёлы предпочитают опылять местную флору — цветы хоруса.",
            "anchor": "ender"
        },
        {
            "type": "patchouli:entity",
            "entity": "productivebees:configurable_bee{type:'productivebees:ender'}"
        }
    ]
}