{
    "name": "Магмовая пчела",
    "icon": "minecraft:magma_block",
    "read_by_default": true,
    "category": "productivebees:bees_wild",
    "pages": [
        {
            "type": "patchouli:text",
            "title": "Магмовая пчела",
            "text": "Обитает в гнёздах из незерского кирпича в крепостях Незера. Магмовые пчёлы предпочитают опылять магму или незерский нарост.",
            "anchor": "magmatic"
        },
        {
            "type": "patchouli:entity",
            "entity": "productivebees:configurable_bee{type:'productivebees:magmatic'}"
        }
    ]
}