{
    "name": "Слизневая пчела",
    "icon": "minecraft:slime_ball",
    "read_by_default": true,
    "category": "productivebees:bees_wild",
    "pages": [
        {
            "type": "patchouli:text",
            "title": "Слизневая пчела",
            "text": "Обитает в слизневых гнёздах в болотах. Слизневые пчёлы предпочитают опылять цветы, растущие в болотистых областях, но также будут опылять цветы из других биомов.",
            "anchor": "slimy"
        },
        {
            "type": "patchouli:entity",
            "entity": "productivebees:configurable_bee{type:'productivebees:slimy'}"
        }
    ]
}