{
    "name": "Нежалящая пчела",
    "icon": "minecraft:cocoa_beans",
    "read_by_default": true,
    "category": "productivebees:bees_wild",
    "pages": [
        {
            "type": "patchouli:text",
            "title": "Нежалящая пчела",
            "text": "Эту маленькую, тёплую и влажную пчелу можно найти в тропических регионах. Она производит особый вид очень вкусных медовых сот. Она может вылететь из какао бобов, даже если они выращены вне естественного климата.",
            "anchor": "sugarbag"
        },
        {
            "type": "patchouli:entity",
            "entity": "productivebees:configurable_bee{type:'productivebees:sugarbag'}"
        }
    ]
}