{
	"name": "Строительные материалы",
	"icon": "caupona:opus_incertum",
	"category": "caupona:intro",
	"sortnum": 29,
	"pages": [
		{
			"type": "text",
			"text": "Caupona также вводит некоторые строительные материалы и плитку."
		},
		{
			"type": "crafting",
			"recipe": "caupona:crafting/mixed_bricks"
		},
		{
			"type": "crafting",
			"recipe": "caupona:crafting/felsic_tuff",
			"text": "Фелитовый туф изготавливается из $(l:worldgen/volcanic_fumarole)пемзы$(/l) и туфа. Это один из основных строительных материалов Caupona."
		},
		{
			"type": "crafting",
			"recipe": "caupona:crafting/felsic_tuff_bricks",
			"text": "Эти блоки также можно переделать в ступеньки, плиты, стены и так далее."
		},
		{
			"type": "crafting",
			"recipe": "caupona:crafting/opus_incertum"
		},
		{
			"type": "crafting",
			"recipe": "caupona:crafting/opus_reticulatum"
		},
		{
			"type": "crafting",
			"recipe": "caupona:crafting/opus_latericium"
		}
	]
}