{
	"name": "Дымоход",
	"icon": "caupona:brick_chimney_pot",
	"category": "caupona:intro",
	"sortnum": 8,
	"pages": [
		{
			"type": "text",
			"text": "Дымоход — это своего рода кухонное приспособление, каждая конструкция состоит из дымоходных каналов и дымоходной трубы. Как и у других приспособлений, существуют варианты из разных $(l:intro/kitchen_materials)материалов$(/l)."
		},
		{
			"type": "crafting",
			"recipe": "caupona:crafting/brick_chimney_flue",
			"text": "Дымоходные каналы увеличивают длину дымохода. Они могут быть как длинными, так и короткими."
		},
		{
			"type": "crafting",
			"recipe": "caupona:crafting/brick_chimney_pot",
			"text": "Дымоходные трубы должны быть размещены на вершине дымоходных конструкций, они не обязательно должны быть из того же материала, что и дымоходный канал."
		},
		{
			"type": "text",
			"text": "Дымоходные конструкции могут расширяться только вертикально, и между дымоходом и источником дыма не должно быть ничего."
		},
		{
			"type": "image",
			"images": ["caupona:textures/gui/entries/chimney.png"],
			"title": "Правильная конструкция дымохода"
		},
		{
			"type": "spotlight",
			"item": "caupona:soot",
			"text": "Сажа накапливается при использовании дымоходной трубы и может быть собрана лопатой из дымоходной трубы. Она полезна при крафте красителей."
		}
	]
}