{
	"name": "Сковороды",
	"icon": "caupona:stone_griddle",
	"category": "caupona:intro",
	"sortnum": 5,
	"pages": [
		{
			"type": "crafting",
			"recipe": "caupona:crafting/stone_griddle",
			"text": "Сковороды и каменные решетки предназначены для $(l:intro/sauteed_dishes)жарки / обжаривания$(/l). Каменные решетки дешевле сковородок, и из-за их плохой теплопроводности готовить на каменных решетках значительно медленнее, чем на металлических сковородах."
		},
		{
			"type": "crafting",
			"recipe": "caupona:crafting/copper_frying_pan",
			"text": "Металлические сковороды могут быть изготовлены из меди, железа или $(l:intro/lead_cookwares)меди со свинцовым покрытием$(/l). Сковороды следует ставить на источник тепла, такой как $(l:intro/stove)плиты$(/l) или $(l:worldgen/volcanic_fumarole)фумарольные вентиляционные отверстия$(/l)."
		},
		{
			"type": "text",
			"text": "Сковороды похожи на котлы для тушения, за исключением отсутствия требований к жидкости. Кнопки слева запускают приготовление и переключают управление редстоуном соответственно. По умолчанию сковороды неактивны для редстоун-сигналов. Миска и $(l:intro/spices)специи$(/l) должны быть помещены в слоты справа. Также есть слот для готовых блюд."
		},
		{
			"type": "text",
			"text": "Перед началом приготовления в сковороде должно быть достаточно $(l:resting/oil)масла$(/l) и мисок. Масло автоматически берется из ближайших соусников."
		},
		{
			"type": "text",
			"text": "Без жидкости жареные блюда не имеют понятия концентрации. Вместо этого каждые два ингредиента будут производить одно блюдо (полученное число округляется в большую сторону)."
		},
		{
			"type": "text",
			"text": "При включенном управлении редстоуном, если сковорода не работает и подается сигнал редстоуна, сковорода будет продолжать пытаться начать работу. Это полезно для автоматизации."
		},
		{
			"type": "image",
			"images": ["caupona:textures/gui/entries/frying_pan.png"],
			"text": "Способ использования сковородок. Также обратитесь к $(l:resting/oil)маслу$(/l) и $(l:tweaks/dispenser)автоматизации диспенсеров$(/l)."
		}
	]
}