{
	"name": "Интеграция с модами",
	"icon": "minecraft:grass_block",
	"category": "caupona:intro",
	"sortnum": 101,
	"pages": [
		{
			"type": "text",
			"text": "Значения питательности (голод, насыщение и т. д.) еды в Caupona являются динамическими особым образом, что может создавать трудности для некоторых информационных модов при их корректном отображении. Пожалуйста, обратите на это внимание, если у вас установлены такие моды."
		},
		{
			"type": "text",
			"text": "Значения питательности супов или блюд являются суммой всех ингредиентов, пересчитанных на одну порцию.",
			"flag": "mod:diet"
		}
	]
}