{
	"name": "Поддержка JEI",
	"icon": "caupona:chronoconis",
	"category": "caupona:intro",
	"sortnum": 102,
	"pages": [
		{
			"type": "text",
			"text": "Все рецепты этого мода можно найти с помощью Just Enough Items (JEI), поэтому эта книга не включает все рецепты. Игрокам рекомендуется использовать JEI."
		},
		{
			"type": "text",
			"text": "Типы рецептов в этом моде включают: $(li) Рецепты приготовления, как описано в этой книге;$(li)Кипячение;$(li)Преобразование между холодцом и тушеными блюдами;$(li)Отстаивание; и$(li)Передача жидкостей между контейнерами.$()"
		}
	]
}