{
	"name": "Мозаичная плитка",
	"icon": "caupona:tessellation_workbench",
	"category": "caupona:intro",
	"sortnum": 29,
	"pages": [
		{
			"type": "text",
			"text": "Мозаичная плитка — это декоративные блоки, сделанные путем укладки кусочков цветных материалов на бетонную основу в различных узорах."
		},
		{
			"type": "crafting",
			"recipe": "caupona:crafting/tessellation_workbench",
			"text": "Мозаичная плитка разрабатывается и изготавливается с использованием верстака для тесселяции."
		},
		{
			"type": "spotlight",
			"item": "caupona:brick_tesserae",
			"text": "Чтобы спроектировать и изготовить мозаичную плитку, вам нужны два разных мозаичных элемента и бетонный блок. Конечно, вы можете использовать два элемента одного вида, что приведет только к монохромным плиткам независимо от выбранного вами узора – все еще полезно иногда."
		},
		{
			"type": "text",
			"text": "На данный момент представлены три типа материалов, а именно пемза ($(#86857b)светлая$()), базальт ($(#2b2b35)темный$()) и кирпич ($(#874a3a)охра$()), а также 11 узоров. Вы можете комбинировать их для получения различных плиток."
		}
	]
}