{
	"name": "Дороги",
	"icon": "caupona:stone_road",
	"category": "caupona:intro",
	"sortnum": 29,
	"pages": [
		{
			"type": "text",
			"text": "Дорожные работы — важные проекты. Строительство дорог, предоставляемых Caupona, может значительно сократить время, необходимое для перемещения между различными местами."
		},
		{
			"type": "crafting",
			"recipe": "caupona:crafting/stone_road"
		},
		{
			"type": "text",
			"text": "Предоставляются дороги из трех материалов: каменные кирпичи, кирпичи из кислого туфа и песчаник. Практических различий, кроме материалов, нет.\nДороги значительно увеличивают скорость бега, но не уменьшают голод, вызванный движением, поэтому рекомендуется подготовить достаточно еды, если вы путешествуете на большие расстояния по дорогам.\nДороги не ускоряют ходьбу."
		},
		{
			"type": "crafting",
			"recipe": "caupona:crafting/stone_road_side",
			"text": "Дороги с бордюрами обычно размещают по краям дорог. Бордюры предотвращают случайный съезд с дорог, если только вы не перепрыгиваете через них."
		}
	]
}