{
	"name": "Жареная еда",
	"icon": "caupona:sauteed_seafood",
	"category": "caupona:intro",
	"sortnum": 4,
	"pages": [
		{
			"type": "text",
			"text": "Жареные блюда — это еще один класс пользовательских блюд, предоставляемых Caupona. Они готовятся на $(l:intro/frying_pans)сковородах или грилях$(/l). Свойства жареного блюда являются суммой всех его ингредиентов."
		},
		{
			"type": "text",
			"text": "Как и $(l:intro/soup)супы и тушеные блюда$(/l), сырые ингредиенты и их приготовленные аналоги не различаются при жарке. По сравнению с приготовлением супа, жарка не требует жидких основ и намного быстрее, что также означает меньший расход топлива. Однако насыщение, даваемое жареными блюдами, ниже, и зелья нельзя добавлять."
		},
		{
			"type": "text",
			"text": "Используйте Shift + правый щелчок, чтобы разместить жареные блюда в мире."
		}
	]
}