{
	"name": "Статуя волка",
	"icon": "caupona:wolf_statue",
	"category": "caupona:intro",
	"sortnum": 47,
	"pages": [
		{
			"type": "crafting",
			"recipe": "caupona:crafting/wolf_statue"
		},
		{
			"type": "text",
			"text": "Статуи волка действуют как термометры, внешний вид которых меняется в зависимости от получаемого тепла. Статуи волка могут нагреваться непосредственно от печей или косвенно от ближайших гипокаустов, таким образом, их можно использовать для измерения местного теплового потока."
		}
	]
}