{
  "name": "Отскок",
  "icon": "minecraft:slime_ball",
  "category": "bloodmagic:alchemy_table/potion_flasks/blood_magic",
  "pages": [
    {
      "type": "patchouli:text",
      "text": "Если цель получит урон от падения, то $(thing)Отскок$() позволит ей без вреда для здоровья отскочить от земли. Уиии! $(br2)Приседание перед столкновением предотвратит отскок."
    },
    {
      "type": "bloodmagic:3x_crafting_flask",
      "a.heading": "Отскок (3:00)",
      "a.recipe": "bloodmagic:flask/bounce",
      "b.heading": "Отскок (8:00)",
      "b.recipe": "bloodmagic:flask/length_bounce",
      "c.heading": "Отскок (21:20)",
      "c.recipe": "bloodmagic:flask/length_average_bounce"
    }
  ]
}
