{
  "name": "Тай фрукт",
  "icon": "bloodmagic:weak_tau",
  "category": "bloodmagic:dungeons",
  "extra_recipe_mappings": {
    "bloodmagic:weak_tau": 0
  },
    "pages": [
    {
      "type": "text",
      "text": "Тай фрукт можно найти в $(l:bloodmagic:dungeons/lobby)простых подземельях$(), также его можно выращивать. Будучи местным обитателем $(thing)царства демонов$(), его жизненный цикл, к сожалению, немного сложнее, чем у $(item)картофеля$(). $(br)Тай фрукт вырастает в один из двух сортов, в зависимости от условий, в которых он выращивается. По умолчанию он превращается в $(item)тай фрукт$(), который может быть преобразован в $(item)Масло тай$()."
    },
    {
      "type": "crafting_alchemy_table",
      "heading": "Масло тай",
      "recipe": "bloodmagic:alchemytable/tau_oil",
      "text": "$(italic) На вкус как красный апельсин, только немного другое.$()"
    },
    {
      "type": "text",
      "text": "Масло тай в настоящее время имеет два основных применения. Он может увеличить продолжительность любого $(l:bloodmagic:alchemy_table/anointments)масла$() в четыре раза, или использоваться для создания $(item)улучшенного масло для смазки$(), которое работает аналогично $(item)основному маслу для смазки$(), но длится восемь раз дольше и обеспечивает ускорение на 25%."
    },
    {
      "type": "spotlight",
      "item": "bloodmagic:strong_tau",
      "link_recipe": "true",
      "text": "Однако, $(item)тай фрукт$() имеет альтернативный, более сложный путь роста. Если растение растет в присутствии $(thing)моба$() (например, коровы), стоящего сверху, оно будет высасывать здоровье из существа, чтобы удовлетворить свои темные аппетиты. Таким образом, можно вырастить $(item)насыщенный тай$()."
    }
  ]
}