{
    "name": "Перенос генов",
    "icon": "productivebees:gene",
    "category": "productivebees:genetics",
    "pages": [
        {
            "type": "patchouli:text",
            "text": "Чтобы перенести гены на пчелу, нужно объединить ген с медовым угощением. Скормите медовое угощение пчеле, и у неё будет шанс, зависящий от чистоты гена, приобрести новый атрибут."
        },
        {
            "type": "patchouli:text",
            "text": "Чистоту гена можно увеличить, объединив два одинаковых гена или добавив больше одинаковых генов на угощение."
        }
    ]
}