{
  "name": "Замена",
  "sortnum": 1,
  "category": "buildinggadgets2:mechanics",
  "icon": "buildinggadgets2:textures/book/icons/paste_replace.png",
  "pages": [
    {
      "type": "patchouli:text",
      "text": "Функция «Замена» доступна только для гаджетов вырезать-вставить или копировать-вставить. $(br2)Когда отключена, гаджеты не будут заменять никакие блоки в мире, кроме блоков, которые Вы обычно можете перезаписать, например, вода и высокая трава, что опасно для гаджета вырезать-вставить, так как это может привести к «потере» блоков.  "
    },
    {
      "type": "patchouli:text",
      "text": "Когда включена, гаджет будет заменять любой блок в мире на блок из шаблона, включая воздух! Это отличный способ встроить дом в гору.$(br2)Примечание: Любые блоки, заменённые таким образом, будут $(bold)УНИЧТОЖЕНЫ$(clear) и не выпадут в виде дропа и не вернутся в инвентарь."
    }
  ]
}