{
  "name": "Рассвет новолуния",
  "icon": "minecraft:ender_pearl",
  "category": "bloodmagic:rituals/ritual_list",
  "pages": [
    {
      "type": "patchouli:multiblock",
      "name": "Рассвет новолуния",
      "multiblock_id": "bloodmagic:sphere",
      "text": "Используйте $(l:bloodmagic:rituals/ritual_diviner#dusk)Сумрачный ритуальный предсказатель$(/l) для облегчения строительства."
    },
    {
      "type": "bloodmagic:ritual_info",
      "ritual": "sphere",
      "text_overrides": [
        ["LP", "blood"]
      ]
    },
    {
      "type": "bloodmagic:ritual_data",
      "ritual": "sphere",
      "page_type": "spheroidRange"
    },
    {
      "type": "patchouli:image",
      "images": [
        "bloodmagic:images/entries/ritual/sphere_above.png",
        "bloodmagic:images/entries/ritual/sphere_below.png"
      ],
      "title": "Размер по умолчанию",
      "border": true,
      "text": "Результат использования ритуала с настройками по умолчанию."
    }
  ]
}
