{
  "name": "Ритуал возрождения",
  "icon": "minecraft:golden_apple",
  "category": "bloodmagic:rituals/ritual_list",
  "pages": [
    {
      "type": "multiblock",
      "name": "Ритуал возрождения",
      "multiblock_id": "bloodmagic:regeneration",
      "text": "Используйте $(l:bloodmagic:rituals/ritual_diviner#dusk)сумрачный ритуальный предсказатель$(/l) для более легкой постройки."
    },
    {
      "type": "bloodmagic:ritual_info",
      "ritual": "regeneration"
    },
    {
      "type": "bloodmagic:ritual_data",
      "ritual": "regeneration",
      "page_type": "corrosive"
    },
    {
      "type": "bloodmagic:ritual_data",
      "ritual": "regeneration",
      "page_type": "heal"
    },
    {
      "type": "bloodmagic:ritual_data",
      "ritual": "regeneration",
      "page_type": "vampire",
      "text": "Требуется $(corrosive)едкая воля$()."
    }
  ]
}
