{
  "name": "Жатва урожайной луны",
  "icon": "minecraft:wheat",
  "category": "bloodmagic:rituals/ritual_list",
  "pages": [
    {
      "type": "multiblock",
      "name": "Жатва урожайной луны",
      "multiblock_id": "bloodmagic:harvest",
      "text": "Используйте $(l:bloodmagic:rituals/ritual_diviner#dusk)сумрачный ритуальный предсказатель$(/l) для более легкой постройки."
    },
    {
      "type": "bloodmagic:ritual_info",
      "ritual": "harvest"
    },
    {
      "type": "bloodmagic:ritual_data",
      "ritual": "harvest",
      "page_type": "harvestRange"
    }
  ]
}
