{
  "name": "Шёлковое касание",
  "icon": "bloodmagic:silk_touch_anointment",
  "category": "bloodmagic:alchemy_table/anointments",
  "pages": [
    {
      "type": "crafting_alchemy_table",
      "heading": "Шёлковое касание",
      "recipe": "bloodmagic:alchemytable/silk_touch_anointment",
      "text": "Применяет шёлковое касания на добываемые блоки. Не сочетается с ванильным зачарованием.$(br2)Поддерживается предметами: инструменты, мечи, заряды.$(br2)Применяется: Шёлковое касание I (256 блоков)"
    },
    {
      "type": "crafting_alchemy_table",
      "heading": "Шёлковое касание L",
      "recipe": "bloodmagic:alchemytable/silk_touch_anointment_l",
      "text": "Эта улучшенная версия масла действует в четыре раза дольше. $(br2)Применяется: Шёлковое касание I (1024 блоков)"
    }
  ]
}