{
  "assigned_items": [],
  "icon": {
    "count": 1,
    "id": "enchanted:witch_cauldron"
  },
  "pages": [
    {
      "components": [
        {
          "header": "Brews and Potions",
          "template": "modopedia:page/headered_text",
          "text": "Creating a brew, infusion or potion is a simple process, requiring either a $(c:#582C69)$(b)$(el:blocks/witch_cauldron)witch's cauldron$(/el)$(/b)$(/c) or $(c:#582C69)$(b)$(el:blocks/kettle)kettle$(/el)$(/b)$(/c).\n\nFirst, you must fill your $(b)$(el:blocks/witch_cauldron)cauldron$(/el)$(/b) or $(b)$(el:blocks/kettle)kettle$(/el)$(/b) with water from a bucket. You will know it is full if no more water can fit."
        }
      ]
    },
    {
      "components": [
        {
          "type": "modopedia:multiblock",
          "height": 60,
          "multiblock": {
            "type": "modopedia:dense",
            "key": {
              "C": {
                "type": "modopedia:simple",
                "states": [
                  "enchanted:witch_cauldron"
                ]
              },
              "H": {
                "type": "modopedia:tag",
                "tag": "enchanted:heat_sources"
              }
            },
            "pattern": [
              [
                "H"
              ],
              [
                "C"
              ]
            ]
          },
          "y": 70
        },
        {
          "header": "Heat Sources",
          "template": "modopedia:page/headered_text",
          "text": "Next, place a heat source underneath your vessel such as fire, lava or a campfire. After a few seconds, the water should begin to boil."
        }
      ]
    },
    {
      "components": [
        {
          "header": "Adding Ingredients",
          "template": "modopedia:page/headered_text",
          "text": "The final step, after filling the vessel and waiting for it to boil, is to drop your ingredients into the vessel, $(b)in order$(/b), one by one\n\nThe water should start to change colour. Once added, the brew needs to boil for a few seconds to finish."
        }
      ]
    },
    {
      "components": [
        {
          "header": "Spoiled Brews",
          "template": "modopedia:page/headered_text",
          "text": "If you make a mistake during brewing, such as adding the wrong ingredient or removing the heat source, your brew will $(b)spoil$(/b).\n\nWhen spoiled, the brew will turn brown and need to be removed using an $(b)empty bucket$(/b)."
        }
      ]
    }
  ],
  "title": "Creating Brews"
}