{
  "assigned_items": [],
  "icon": {
    "count": 1,
    "id": "minecraft:chorus_fruit"
  },
  "pages": [
    {
      "components": [
        {
          "header": "Mutations",
          "template": "modopedia:page/headered_text",
          "text": "While many plants are naturally occurring, herbology often requires witches to mutate existing plants to suit their needs.\n\nThis is done using $(c:#582C69)$(b)$(el:items/mutandis)mutandis$(/el)$(/b)$(/c) or $(c:#582C69)$(b)$(el:items/mutandis_extremis)mutandis extremis$(/el)$(/b)$(/c)."
        }
      ]
    },
    {
      "components": [
        {
          "header": "Mutandis",
          "template": "modopedia:page/headered_text",
          "text": "Using mutandis on a block will make it start $(b)mutating$(/b), giving it a chance to turn into a different block based on nearby $(b)mutagens$(/b)."
        },
        {
          "images": [
            "enchanted:textures/gui/modopedia/mutation.png"
          ],
          "template": "enchanted:framed_image",
          "x": 10,
          "y": 75
        }
      ]
    },
    {
      "components": [
        {
          "header": "Mutagens",
          "template": "modopedia:page/headered_text",
          "text": "$(b)Mutagens$(/b) are the blocks a witch needs to place in the area surrounding a mutating plant. The more mutagens you place, the more likely it is for the plant to mutate.\n\nThe block in the center is the plant being mutated, while the surrounding blocks are its mutagens."
        }
      ]
    },
    {
      "components": [
        {
          "result": "enchanted:rowan_sapling",
          "template": "enchanted:page/mutagen"
        }
      ]
    }
  ],
  "title": "Mutations"
}