{
    "name": "Лазуритовая пчела",
    "icon": "minecraft:lapis_lazuli",
    "read_by_default": true,
    "category": "productivebees:bees_hive",
    "flag": "productivebees:lapis",
    "pages": [
        {
            "type": "patchouli:text",
            "title": "Лазуритовая пчела",
            "text": "Выводится от $(l:bees/hive/redstone)редстоуновой пчелы$(/l) и $(l:bees/solitary/blue_banded)пчелы с синими полосками$(/l).",
            "anchor": "lapis"
        },
        {
            "type": "patchouli:entity",
            "entity": "productivebees:configurable_bee{type:'productivebees:lapis'}"
        }
    ]
}