{
    "name": "Обсидиановая пчела",
    "icon": "minecraft:obsidian",
    "read_by_default": true,
    "category": "productivebees:bees_hive",
    "flag": "productivebees:obsidian",
    "pages": [
        {
            "type": "patchouli:text",
            "title": "Обсидиановая пчела",
            "text": "Выводится от $(l:bees/wild/magmatic)магмовой пчелы$(/l) и $(l:bees/solitary/sweat)потовой пчелы$(/l).",
            "anchor": "obsidian"
        },
        {
            "type": "patchouli:entity",
            "entity": "productivebees:configurable_bee{type:'productivebees:obsidian'}"
        }
    ]
}