{
    "name": "Призмариновая пчела",
    "icon": "minecraft:prismarine_shard",
    "read_by_default": true,
    "category": "productivebees:bees_hive",
    "flag": "productivebees:prismarine",
    "pages": [
        {
            "type": "patchouli:text",
            "title": "Призмариновая пчела",
            "text": "Может быть поймана во время рыбалки в биоме океана.",
            "anchor": "prismarine"
        },
        {
            "type": "patchouli:entity",
            "entity": "productivebees:configurable_bee{type:'productivebees:prismarine'}"
        }
    ]
}