{
  "assigned_items": [
    "enchanted:alder_sapling",
    "enchanted:alder_log",
    "enchanted:stripped_alder_log",
    "enchanted:alder_planks",
    "enchanted:alder_stairs",
    "enchanted:alder_slab",
    "enchanted:alder_fence",
    "enchanted:alder_fence_gate",
    "enchanted:alder_button",
    "enchanted:alder_pressure_plate"
  ],
  "icon": {
    "count": 1,
    "id": "enchanted:alder_sapling"
  },
  "pages": [
    {
      "components": [
        {
          "header": "Alder Trees",
          "template": "modopedia:page/headered_text",
          "text": "Alder trees, of the Betulaceae family, are deciduous trees thought to bleed when cut due to their red sap."
        },
        {
          "components": [
            {
              "type": "modopedia:multiblock",
              "height": 80,
              "multiblock_id": "enchanted:alder_tree"
            },
            {
              "type": "modopedia:multiblock",
              "multiblock": {
                "type": "modopedia:dense",
                "key": {
                  "S": {
                    "type": "modopedia:simple",
                    "states": [
                      "enchanted:alder_sapling"
                    ]
                  }
                },
                "pattern": [
                  [
                    "S"
                  ]
                ]
              },
              "no_offsets": true
            }
          ],
          "height": 80,
          "y": 54
        }
      ]
    },
    {
      "components": [
        {
          "result": "enchanted:alder_sapling",
          "template": "enchanted:page/mutagen"
        }
      ]
    }
  ],
  "title": "Alder Trees"
}