{
  "assigned_items": [
    "enchanted:altar"
  ],
  "icon": {
    "count": 1,
    "id": "enchanted:altar"
  },
  "pages": [
    {
      "components": [
        {
          "header": "Creating an Altar",
          "template": "modopedia:page/headered_text",
          "text": "To construct an altar, a witch must place $(b)six altar blocks$(/b) to form a rectangular platform."
        },
        {
          "recipe": "enchanted:altar",
          "template": "modopedia:recipe/crafting",
          "y": 65
        }
      ]
    },
    {
      "components": [
        {
          "header": "Altar Power",
          "template": "modopedia:page/headered_text",
          "text": "Altars draw their power from nature, specifically from plants in the surrounding area. A variety of plants works better than having only a few."
        },
        {
          "images": [
            "enchanted:textures/gui/modopedia/altar.png"
          ],
          "template": "enchanted:framed_image",
          "x": 10,
          "y": 85
        }
      ]
    },
    {
      "components": [
        {
          "header": "Upgrades",
          "template": "modopedia:page/headered_text",
          "text": "Certain blocks may be placed on top of the altar to multiply its effects.\n\nUpgrades have a $(b)type$(/b), only the best upgrade within a type will be counted."
        },
        {
          "type": "modopedia:multiblock",
          "height": 70,
          "multiblock_id": "enchanted:altar",
          "y": 70
        }
      ]
    }
  ],
  "title": "Creating an Altar"
}