{
  "assigned_items": [
    "enchanted:belladonna_flower",
    "enchanted:belladonna_seeds"
  ],
  "icon": {
    "count": 1,
    "id": "enchanted:belladonna_flower"
  },
  "pages": [
    {
      "components": [
        {
          "header": "Belladonna",
          "template": "modopedia:page/headered_text",
          "text": "Atropa bella-donna, commonly known as deadly nightshade, is a poisonous member of the Solanaceae family.\n\nThe berries and foliage of this plant are extremely toxic and should be handled with care."
        }
      ]
    },
    {
      "components": [
        {
          "block": "enchanted:belladonna[age=4]",
          "template": "modopedia:page/block",
          "text": "$(b)Procurement:$(/b)\nDropped by tall and short grass"
        }
      ]
    }
  ],
  "title": "Belladonna"
}