{
  "assigned_items": [
    "enchanted:blood_poppy"
  ],
  "icon": {
    "count": 1,
    "id": "enchanted:blood_poppy"
  },
  "pages": [
    {
      "components": [
        {
          "header": "Blood Poppy",
          "template": "modopedia:page/headered_text",
          "text": "Poppies famously thrive in ground stained with blood, with a mutation they can also draw blood from those who touch them. Right click with a $(b)$(el:items/taglock_kit)taglock kit$(/el)$(/b) to collect blood."
        },
        {
          "type": "modopedia:multiblock",
          "height": 60,
          "multiblock": {
            "type": "modopedia:dense",
            "key": {
              "S": {
                "type": "modopedia:simple",
                "states": [
                  "enchanted:blood_poppy"
                ]
              }
            },
            "pattern": [
              [
                "S"
              ]
            ]
          },
          "no_offsets": true,
          "y": 70
        }
      ]
    },
    {
      "components": [
        {
          "result": "enchanted:blood_poppy",
          "template": "enchanted:page/mutagen"
        }
      ]
    }
  ],
  "title": "Blood Poppy"
}