{
  "assigned_items": [
    "enchanted:ember_moss"
  ],
  "icon": {
    "count": 1,
    "id": "enchanted:ember_moss"
  },
  "pages": [
    {
      "components": [
        {
          "header": "Ember Moss",
          "template": "modopedia:page/headered_text",
          "text": "Ember moss is a plant with a very unique defense mechanism; it bursts into flames at the slightest touch or disturbance. Harvest with shears to be keep intact."
        },
        {
          "type": "modopedia:multiblock",
          "height": 60,
          "multiblock": {
            "type": "modopedia:dense",
            "key": {
              "S": {
                "type": "modopedia:simple",
                "states": [
                  "enchanted:ember_moss"
                ]
              }
            },
            "pattern": [
              [
                "S"
              ]
            ]
          },
          "no_offsets": true,
          "y": 70
        }
      ]
    },
    {
      "components": [
        {
          "result": "enchanted:ember_moss",
          "template": "enchanted:page/mutagen"
        }
      ]
    }
  ],
  "title": "Ember Moss"
}