{
  "assigned_items": [
    "enchanted:garlic"
  ],
  "icon": {
    "count": 1,
    "id": "enchanted:garlic"
  },
  "pages": [
    {
      "components": [
        {
          "header": "Garlic",
          "template": "modopedia:page/headered_text",
          "text": "Garlic, scientific name allium sativum, is a dietary staple in many households.\n\nVampires are said to dislike garlic but its effectiveness as a repellent is questionable."
        }
      ]
    },
    {
      "components": [
        {
          "block": "enchanted:garlic[age=4]",
          "template": "modopedia:page/block",
          "text": "$(b)Procurement:$(/b)\nDropped by tall and short grass"
        }
      ]
    }
  ],
  "title": "Garlic"
}