{
  "assigned_items": [
    "enchanted:glint_weed"
  ],
  "icon": {
    "count": 1,
    "id": "enchanted:glint_weed"
  },
  "pages": [
    {
      "components": [
        {
          "header": "Glint Weed",
          "template": "modopedia:page/headered_text",
          "text": "This magical weed emits a glow around it, acting like a torch. While it can survive on nearly any surface, if placed on grass, dirt or sand it will spread."
        },
        {
          "type": "modopedia:multiblock",
          "height": 60,
          "multiblock": {
            "type": "modopedia:dense",
            "key": {
              "S": {
                "type": "modopedia:simple",
                "states": [
                  "enchanted:glint_weed"
                ]
              }
            },
            "pattern": [
              [
                "S"
              ]
            ]
          },
          "no_offsets": true,
          "y": 70
        }
      ]
    },
    {
      "components": [
        {
          "result": "enchanted:glint_weed",
          "template": "enchanted:page/mutagen"
        }
      ]
    }
  ],
  "title": "Glint Weed"
}