{
  "assigned_items": [
    "enchanted:hawthorn_sapling",
    "enchanted:hawthorn_log",
    "enchanted:stripped_hawthorn_log",
    "enchanted:hawthorn_planks",
    "enchanted:hawthorn_stairs",
    "enchanted:hawthorn_slab",
    "enchanted:hawthorn_fence",
    "enchanted:hawthorn_fence_gate",
    "enchanted:hawthorn_button",
    "enchanted:hawthorn_pressure_plate"
  ],
  "icon": {
    "count": 1,
    "id": "enchanted:hawthorn_sapling"
  },
  "pages": [
    {
      "components": [
        {
          "header": "Hawthorn Trees",
          "template": "modopedia:page/headered_text",
          "text": "This species of crataegus, commonly referred to as Hawthorn, has herbal uses and is known to be effective at dispatching vampires."
        },
        {
          "components": [
            {
              "type": "modopedia:multiblock",
              "height": 80,
              "multiblock_id": "enchanted:hawthorn_tree"
            },
            {
              "type": "modopedia:multiblock",
              "multiblock": {
                "type": "modopedia:dense",
                "key": {
                  "S": {
                    "type": "modopedia:simple",
                    "states": [
                      "enchanted:hawthorn_sapling"
                    ]
                  }
                },
                "pattern": [
                  [
                    "S"
                  ]
                ]
              },
              "no_offsets": true
            }
          ],
          "height": 80,
          "y": 54
        }
      ]
    },
    {
      "components": [
        {
          "result": "enchanted:hawthorn_sapling",
          "template": "enchanted:page/mutagen"
        }
      ]
    }
  ],
  "title": "Hawthorn Trees"
}