{
  "assigned_items": [
    "enchanted:kettle"
  ],
  "icon": {
    "count": 1,
    "id": "enchanted:kettle"
  },
  "pages": [
    {
      "components": [
        {
          "header": "Kettle",
          "template": "modopedia:page/headered_text",
          "text": "The kettle, used for creating infusions, is a crucial utensil for any witch."
        },
        {
          "recipe": "enchanted:kettle",
          "template": "modopedia:recipe/crafting",
          "y": 65
        }
      ]
    },
    {
      "components": [
        {
          "type": "modopedia:multiblock",
          "multiblock_id": "enchanted:kettle",
          "y": 20
        }
      ]
    }
  ],
  "title": "The Kettle"
}