{
  "assigned_items": [
    "enchanted:mandrake_root",
    "enchanted:mandrake_seeds"
  ],
  "icon": {
    "count": 1,
    "id": "enchanted:mandrake_root"
  },
  "pages": [
    {
      "components": [
        {
          "header": "Mandrakes",
          "template": "modopedia:page/headered_text",
          "text": "Mandrakes are a group of. perennial herbaceous plants with long, parsnip shaped roots.\n\nIf agitated, mandrakes will scream causing injury or even death. Wearing $(b)$(el:items/earmuffs)earmuffs$(/el)$(/b) can protect you, and they sleep at night."
        }
      ]
    },
    {
      "components": [
        {
          "block": "enchanted:mandrake[age=4]",
          "template": "modopedia:page/block",
          "text": "$(b)Procurement:$(/b)\nDropped by tall and short grass"
        }
      ]
    }
  ],
  "title": "Mandrakes"
}