{
  "assigned_items": [
    "enchanted:rowan_berries",
    "enchanted:rowan_sapling",
    "enchanted:rowan_log",
    "enchanted:stripped_rowan_log",
    "enchanted:rowan_planks",
    "enchanted:rowan_stairs",
    "enchanted:rowan_slab",
    "enchanted:rowan_fence",
    "enchanted:rowan_fence_gate",
    "enchanted:rowan_button",
    "enchanted:rowan_pressure_plate"
  ],
  "icon": {
    "count": 1,
    "id": "enchanted:rowan_sapling"
  },
  "pages": [
    {
      "components": [
        {
          "header": "Rowan Trees",
          "template": "modopedia:page/headered_text",
          "text": "The rowan, or mountain-ash, a small deciduous tree native to Europe, has many uses in witchcraft."
        },
        {
          "components": [
            {
              "type": "modopedia:multiblock",
              "height": 80,
              "multiblock_id": "enchanted:rowan_tree"
            },
            {
              "type": "modopedia:multiblock",
              "multiblock": {
                "type": "modopedia:dense",
                "key": {
                  "S": {
                    "type": "modopedia:simple",
                    "states": [
                      "enchanted:rowan_sapling"
                    ]
                  }
                },
                "pattern": [
                  [
                    "S"
                  ]
                ]
              },
              "no_offsets": true
            }
          ],
          "height": 80,
          "y": 54
        }
      ]
    },
    {
      "components": [
        {
          "result": "enchanted:rowan_sapling",
          "template": "enchanted:page/mutagen"
        }
      ]
    }
  ],
  "title": "Rowan Trees"
}