{
  "assigned_items": [
    "enchanted:icy_needle",
    "enchanted:snowbell_seeds"
  ],
  "icon": {
    "count": 1,
    "id": "enchanted:icy_needle"
  },
  "pages": [
    {
      "components": [
        {
          "header": "Snowbell",
          "template": "modopedia:page/headered_text",
          "text": "Styrax japonicus, more commonly referred to as Snowbell, is a shrub from the Styracaceae family.\n\nDespite the name, they are native to warm climates in Asia. Its resin is used for purification, dispelling anger or soothing tension."
        }
      ]
    },
    {
      "components": [
        {
          "block": "enchanted:snowbell[age=4]",
          "template": "modopedia:page/block",
          "text": "$(b)Procurement:$(/b)\nDropped by tall and short grass"
        }
      ]
    }
  ],
  "title": "Snowbell"
}