{
  "assigned_items": [
    "enchanted:spanish_moss"
  ],
  "icon": {
    "count": 1,
    "id": "enchanted:spanish_moss"
  },
  "pages": [
    {
      "components": [
        {
          "header": "Spanish Moss",
          "template": "modopedia:page/headered_text",
          "text": "An epiphytic flowering plant, similar to a moss or lichen, found growing on trees in tropical or subtropical climates. Harvest with shears to be keep intact."
        },
        {
          "type": "modopedia:multiblock",
          "height": 60,
          "multiblock": {
            "type": "modopedia:dense",
            "key": {
              "S": {
                "type": "modopedia:simple",
                "states": [
                  "enchanted:spanish_moss"
                ]
              }
            },
            "pattern": [
              [
                "S"
              ]
            ]
          },
          "no_offsets": true,
          "y": 70
        }
      ]
    },
    {
      "components": [
        {
          "result": "enchanted:spanish_moss",
          "template": "enchanted:page/mutagen"
        }
      ]
    }
  ],
  "title": "Spanish Moss"
}