{
  "assigned_items": [
    "enchanted:water_artichoke",
    "enchanted:water_artichoke_seeds"
  ],
  "icon": {
    "count": 1,
    "id": "enchanted:water_artichoke"
  },
  "pages": [
    {
      "components": [
        {
          "header": "Water Artichoke",
          "template": "modopedia:page/headered_text",
          "text": "This subspecies of the common Artichoke, or cynara cardunculus, only grows on still water.\n\nUnlike it's green cousin, it is not considered edible. Consumption of this plant will satiate hunger but empty your stomach."
        }
      ]
    },
    {
      "components": [
        {
          "block": "enchanted:water_artichoke[age=4]",
          "template": "modopedia:page/block",
          "text": "$(b)Procurement:$(/b)\nDropped by tall and short grass"
        }
      ]
    }
  ],
  "title": "Water Artichoke"
}