{
  "assigned_items": [
    "enchanted:witch_cauldron",
    "enchanted:anointing_paste"
  ],
  "icon": {
    "count": 1,
    "id": "enchanted:witch_cauldron"
  },
  "pages": [
    {
      "components": [
        {
          "header": "Witch's Cauldron",
          "template": "modopedia:page/headered_text",
          "text": "The witch's cauldron is the most important brewing tool at a witch's disposal, enabling you to brew complex potions."
        },
        {
          "recipe": "enchanted:anointing_paste",
          "template": "modopedia:recipe/crafting",
          "y": 70
        }
      ]
    },
    {
      "components": [
        {
          "block": "enchanted:witch_cauldron",
          "template": "modopedia:page/block",
          "text": "$(b)Procurement:$(/b)\nUse a anointing paste on a cauldron"
        }
      ]
    }
  ],
  "title": "Witch's Cauldron"
}