{
  "assigned_items": [
    "enchanted:wolfsbane_flower",
    "enchanted:wolfsbane_seeds"
  ],
  "icon": {
    "count": 1,
    "id": "enchanted:wolfsbane_flower"
  },
  "pages": [
    {
      "components": [
        {
          "header": "Wolfsbane",
          "template": "modopedia:page/headered_text",
          "text": "Aconitum, common name of Wolfsbane, is a perennial flower of the Ranunculaceae family.\n\nIts roots contain aconitine, a potent neurotoxin and cardiotoxin. Contrary to popular belief, the name is just a translation from greek."
        }
      ]
    },
    {
      "components": [
        {
          "block": "enchanted:wolfsbane[age=4]",
          "template": "modopedia:page/block",
          "text": "$(b)Procurement:$(/b)\nDropped by tall and short grass"
        }
      ]
    }
  ],
  "title": "Wolfsbane"
}