{
  "assigned_items": [
    "enchanted:chalice_filled",
    "enchanted:chalice"
  ],
  "icon": {
    "count": 1,
    "id": "enchanted:chalice_filled"
  },
  "pages": [
    {
      "components": [
        {
          "header": "Chalices",
          "template": "modopedia:page/headered_text",
          "text": "A chalice may be placed on top of an altar to increase its power capacity. The chalice can be filled by using $(b)$(el:items/redstone_soup)Redstone Soup$(/el)$(/b) on it."
        },
        {
          "recipe": "enchanted:chalice",
          "template": "modopedia:recipe/crafting",
          "y": 70
        }
      ]
    },
    {
      "components": [
        {
          "components": [
            {
              "block": "enchanted:chalice",
              "offset_y": -20.0,
              "scale": 2.0,
              "template": "modopedia:page/block",
              "text": "$(b)Chalice:$()\n+1x Power Capacity"
            },
            {
              "block": "enchanted:chalice_filled",
              "offset_y": -20.0,
              "scale": 2.0,
              "template": "modopedia:page/block",
              "text": "$(b)Chalice (Filled):$()\n+2x Power Capacity"
            }
          ]
        }
      ]
    }
  ],
  "title": "Chalice Upgrades"
}