{
  "assigned_items": [],
  "icon": {
    "count": 1,
    "id": "minecraft:skeleton_skull"
  },
  "pages": [
    {
      "components": [
        {
          "header": "Skulls",
          "template": "modopedia:page/headered_text",
          "text": "Skulls can increase both the capacity and recharge rate of an altar, with varying effectiveness.\n\nHuman skulls are particularly effective at channeling energy."
        }
      ]
    },
    {
      "components": [
        {
          "components": [
            {
              "block": "minecraft:skeleton_skull",
              "offset_y": -20.0,
              "scale": 1.6,
              "template": "modopedia:page/block",
              "text": "$(b)Skeleton Skull:$()\n+1x Power Capacity\n+1x Recharge Rate",
              "text_offset": -25
            },
            {
              "block": "minecraft:wither_skeleton_skull",
              "offset_y": -20.0,
              "scale": 1.6,
              "template": "modopedia:page/block",
              "text": "$(b)Wither Skeleton Skull:$()\n+2x Power Capacity\n+2x Recharge Rate",
              "text_offset": -25
            },
            {
              "block": "minecraft:player_head",
              "offset_y": -20.0,
              "scale": 1.6,
              "template": "modopedia:page/block",
              "text": "$(b)Player Skull:$()\n+2.5x Power Capacity\n+3x Recharge Rate",
              "text_offset": -25
            }
          ]
        }
      ]
    }
  ],
  "title": "Skull Upgrades"
}