{
  "assigned_items": [
    "enchanted:candelabra"
  ],
  "icon": {
    "count": 1,
    "id": "enchanted:candelabra"
  },
  "pages": [
    {
      "components": [
        {
          "header": "Torches",
          "template": "modopedia:page/headered_text",
          "text": "A torch, candelabra or candle can be an effective means of increasing your altar's recharge rate."
        },
        {
          "recipe": "enchanted:candelabra",
          "template": "modopedia:recipe/crafting",
          "y": 70
        }
      ]
    },
    {
      "components": [
        {
          "components": [
            {
              "block": "minecraft:torch",
              "offset_y": -15.0,
              "scale": 1.8,
              "template": "modopedia:page/block",
              "text": "$(b)Torch:$()\n+0.5x Recharge Rate",
              "text_offset": -30
            },
            {
              "block": "minecraft:light_gray_candle",
              "offset_y": -20.0,
              "scale": 2.0,
              "template": "modopedia:page/block",
              "text": "$(b)Candle:$()\n+1x Recharge Rate",
              "text_offset": -30
            },
            {
              "block": "enchanted:candelabra",
              "offset_y": -15.0,
              "scale": 1.75,
              "template": "modopedia:page/block",
              "text": "$(b)Candelabra:$()\n+2x Recharge Rate",
              "text_offset": -30
            }
          ]
        }
      ]
    }
  ],
  "title": "Torch Upgrades"
}