{
  "name": "Знак падающей башни",
  "icon": "minecraft:fire_charge",
  "category": "bloodmagic:rituals/ritual_list",
  "pages": [
    {
      "type": "multiblock",
      "name": "Знак падающей башни",
      "multiblock_id": "bloodmagic:meteor",
      "text": "Используйте $(l:bloodmagic:rituals/ritual_diviner#dusk)Сумрачный ритуальный предсказатель$(/l) для облегчения строительства."
    },
    {
      "type": "bloodmagic:ritual_info",
      "ritual": "meteor"
    },
    {
      "type": "patchouli:text",
      "text": "Используя все имеющиеся в вашем распоряжении возможности, можно сделать вывод, что неплохо было бы вызвать метеор из космоса, чтобы он обрушился на мир.$(br2)Бросив соответствующее подношение, ритуал поглотит этот предмет (плюс большое количество LP, по умолчанию - миллион) и вызовет метеор на высоте построения карты. Когда метеор врежется во что-то, он взорвется и оставит после себя множество ресурсов для добычи и переработки."
    },
    {
      "type": "patchouli:text",
      "text": "Размер и объем получаемых ресурсов зависят от размера пожертвования. Обычные подношения включают: $(item)Алмаз$(), $(item)Железный блок$(), $(item)Светокаменная пыль$(), и $(item)Камень$().$(br2)Предметы из модов включают: Ice and Fire $(item)Кости дракона$(), AE2 $(item)Истинный кварц$(), Create $(item)Андезитовый сплав$(), IE $(item)Катушка медной проволоки$(), Mystical Agriculture $(item)Осколок процветания$(), Thermal $(item)RF катушка$(), и Mekanism $(item)Укреплённый сплав$()."
    }
  ]
}
