{
  "name": "Основы",
  "sortnum": 0,
  "category": "buildinggadgets2:gadgets",
  "icon": "buildinggadgets2:template",
  "pages": [
    {
      "type": "patchouli:text",
      "text": "Все гаджеты в этом моде требуют Forge Energy (FE) для выполнения большинства своих функций. $(br2)Многие моды добавляют поддержку зарядки предметов энергией Forge, но если у Вас их нет, всегда есть Charging Gadgets! Доступно в репозиториях модов!"
    },
    {
      "type": "patchouli:text",
      "text": "Меню настроек можно открыть, удерживая клавишу 'меню настроек' (по умолчанию 'g').  $(br2)У каждого гаджета разные настройки, поэтому обязательно ознакомьтесь с главой $(l:buildinggadgets2:mechanics)Механики$(/l) для получения более подробной информации!"
    }
  ]
}