{
    "name": "Пчелиная клетка",
    "icon": "productivebees:bee_cage",
    "category": "productivebees:items",
    "pages": [
        {
            "type": "patchouli:spotlight",
            "item": "productivebees:bee_cage",
            "text": "Пчелиную клетку можно использовать для ловли пчёл и дальнейшего хранения или транспортировки. Чтобы словить пчелу, просто щёлкните ПКМ на пчелу с клеткой в руках. Щёлкните ПКМ заполненной клеткой на землю, чтобы снова выпустить пчелу.$(br2)Всегда держите при себе несколько клеток во время путешествий на случай, если встретите интересную пчелу."
        },
        {
            "type": "patchouli:crafting",
            "recipe": "productivebees:bee_cage",
            "text": "Легко получить в начале игры"
        },
        {
            "type": "patchouli:text",
            "text": "Выпуск пчелы на подходящий цветочный блок установит позицию цветка для этой пчелы на этот блок. Аналогично, выпуск пчелы на подходящий улей или гнездо крадучись установит позицию дома этой пчелы на этот улей или гнездо."
        }
    ]
}