{
    "name": "Локатор гнёзд",
    "icon": "productivebees:nest_locator",
    "category": "productivebees:items",
    "pages": [
        {
            "type": "patchouli:spotlight",
            "item": "productivebees:nest_locator",
            "text": "Может уловить слабое гудение ближайших гнёзд. Щёлкните ПКМ крадучись с локатором, держа во второй руке гнездо или блок того же вида, как у гнезда, которое вы хотите найти.$(br2)Если вы ищете песчаное гнездо, можно нажать ПКМ либо на песчаное гнездо, либо на блок песка. При повторном нажатии ПКМ, локатор попытается найти все ближайшие гнёзда этого типа."
        },
        {
            "type": "patchouli:crafting",
            "recipe": "productivebees:nest_locator"
        }
    ]
}