{
  "name": "Водное дыхание",
  "icon": "minecraft:pufferfish",
  "category": "bloodmagic:alchemy_table/potion_flasks/vanilla",
  "pages": [
    {
      "type": "patchouli:text",
      "text": "$(thing)Водное дыхание$() позволяет объекту дышать под водой."
    },
    {
      "type": "bloodmagic:3x_crafting_flask",
      "a.heading": "Водное дыхание (3:00)",
      "a.recipe": "bloodmagic:flask/water_breathing",
      "b.heading": "Водное дыхание (8:00)",
      "b.recipe": "bloodmagic:flask/length_water_breathing",
      "c.heading": "Водное дыхание (21:20)",
      "c.recipe": "bloodmagic:flask/length_average_water_breathing"
    }
  ]
}
