{
  "name": "Заряжающая руна",
  "icon": "bloodmagic:chargingrune",
  "category": "bloodmagic:altar/blood_rune",
  "pages": [
    {
      "type": "text",
      "text": "$(item)Заряжающая руна$() — это уникальная улучшающая руна. Когда $(l:bloodmagic:altar/blood_altar)кровавый алтарь$() ничего не создает и не заполняет $(l:bloodmagic:altar/soul_network)кровавый шар$(), $(blood)LP$() будет перемещеться из алтаря для зарядки внутреннего буфера руны. Когда предмет в следующий раз будет помещен в алтарь, он мгновенно использует накопленный заряд и применит его к созданию предмета следующего уровня в соотношении 1:1."
    },
    {
      "type": "text",
      "text": "Алтарь крови делает 1 тик зарядки за 20 игровых тиков, который уменьшается на 1 за каждый тик за одну $(l:bloodmagic:altar/blood_rune/acceleration_rune)заряжающую руну.$(/l) $(br2) Скорость, с которой кровавый алтарь заряжается за тик зарядки, составляет: [$(blood)10LP$() x количество $(l:bloodmagic:altar/blood_rune/charging_rune)заряжающих рун$() x количество (1 + $(l:bloodmagic:altar/blood_rune/speed_rune)рун скорости$()/10)]. $(br)Максимальный заряд, который может вместить кровавый алтарь, составляет $(blood)1000 LP$() за $(item)заряжающую руну$(), который затем умножается на: [(емкость кровавого алтаря)/20000] если это значение выше 1."
    },
    {
      "type": "crafting",
      "recipe": "bloodmagic:blood_rune_charging"
    }
  ]
}
