{
  "name": "Ритуальный предсказатель",
  "icon": "bloodmagic:ritualdiviner",
  "category": "bloodmagic:rituals",
  "pages": [
    {
      "type": "text",
      "text": "Создание ритуалов — сложное дело; Даже если у вас есть правильные $(item)инструменты для надписей$(), вы не можете просто нашлёпать рунические надписи любым способом и ожидать, что что-то произойдет. К счастью $(item)ритуальный предсказатель$() поможет вам. $(br2)Просто удерживайте [$(k:sneak)] и нажмите [$(k:use)] глядя в воздух, чтобы переключаться между доступными ритуалами."
    },
    {
      "type": "crafting",
      "recipe": "bloodmagic:ritual_diviner_0",
      "text": "Удерживайте [$(k:use)] глядя на $(item)главный ритуальный камень$() предсказатель создаст текущий выбранный ритуал из любых $(item)ритуальных камней$() которые вы можете носить с собой. Это почти как волшебство!"
    },
    {
      "type": "text",
      "text": "Однако ритуальный предсказатель не может разбивать блоки, поэтому перед началом строительства убедитесь, что область свободна, иначе $(l:bloodmagic:rituals/activation_crystals)кристалл активации$() не сможет выполнять свою работу. $(br)Базовый предсказатель ритуалов может создавать только некоторые простые ритуалы. Если вы хотите получить максимальную отдачу от своего предсказателя, вам придется обновить его с помощью $(dusk)инструмента для надписи: сумерки$()."
    },
    {
      "type": "crafting",
      "recipe": "bloodmagic:ritual_diviner_1",
      "anchor": "dusk",
      "text": "В отличие от инструментов для надписи стихий, ритуальный предсказатель и сумрачный ритуальный предсказатель никогда не закончатся."
    },
    {
      "type": "text",
      "text": "Базовому ритуальному предсказателю требуется по одному $(item)инструменту для надписи стихий$() для его создания, и также, уровень 3 $(l:bloodmagic:altar/blood_altar)кровавого алтаря$(/l). $(br2)Четыре базовых инструмента для надписи стихий можно создать в вашем алтаре за $(blood)1,000 LP$() для каждого, как указано на следующих страницах. Сумрачный ритуальный предсказатель требует алтаря уровня 4, чтобы сделать два инструмента для надписи: сумерки, по $(blood)2,000 LP$() за каждого."
    },
    {
      "type": "text",
      "text": "Вы также можете использовать инструменты для надписи вручную, но их следует ответственно использовать и только в декоративных целях, так как это медленно и неточно."
    },
    {
      "type": "2x_crafting_altar",
      "a.heading": "Инструмент для надписи: воздух",
      "a.recipe": "bloodmagic:altar/air_tool",
      "b.heading": "Инструмент для надписи: огонь",
      "b.recipe": "bloodmagic:altar/fire_tool"
    },
    {
      "type": "2x_crafting_altar",
      "a.heading": "Инструмент для надписи: вода",
      "a.recipe": "bloodmagic:altar/water_tool",
      "b.heading": "Инструмент для надписи: земля",
      "b.recipe": "bloodmagic:altar/earth_tool"
    },
    {
      "type": "crafting_altar",
      "heading": "Инструмент для надписи: сумерки",
      "recipe": "bloodmagic:altar/dusk_tool"
    }
  ]
}
