{
  "name": "Твердыня",
  "icon": "minecraft:shield",
  "category": "bloodmagic:alchemy_array/living_equipment/armor_upgrades",
  "pages": [
    {
      "type": "text",
      "text": "Эффект: Защищает вас от урона, не связанного со снарядами. $(br2)Развитие: Получение урона от чего-нибуль кроме снарядов. $(br2)Максимальный уровень: 10"
    },
    {
      "type": "bloodmagic:living_armour_upgrade_table",
      "upgrade": "bloodmagic:physical_protect"
    }
  ]
}