{
  "name": "Том улучшения живой брони",
  "icon": "bloodmagic:upgradetome",
  "priority": true,
  "category": "bloodmagic:alchemy_array/living_equipment",
  "extra_recipe_mappings": {
    "bloodmagic:upgradetome": 0
  },
  "pages": [
    {
      "type": "text",
      "text": "После активации $(l:bloodmagic:rituals/ritual_list/ritual_upgrade_remove)ритуала звук очищающей души$(), вокруг вас появятся $(item)томы$(). $(br2)Нажав [$(k:use)] удерживая один из них, вы можете «обучить» свой нагрудник этому навыку на один уровень (при условии, что у него достаточно свободных очков для его изучения). Удерживание [$(k:sneak)] и [$(k:use)] вместо этого будет потреблять как можно больше XP из тома."
    },
    {
      "type": "text",
      "text": "Это приведет к потреблению $(item)тома$() и переносу всего опыта из него на ваш нагрудник - если будет достаточно $(thing)очков улучшений$(). $(br2)В этом случае том применит столько опыта, сколько сможет, и сохранит остаток - если только не останется менее 1 уровня ценности, и в этом случае том будет уничтожен."
    },
    {
      "type": "text",
      "text": "Это отличный способ треннировать способности, которые вы хотите использовать, и в то же время не забывайте о тех, которые вы считаете менее полезными. $(br2)В качестве альтернативы вы можете развить у разных нагрудников разные навыки, так что у вас может быть один нагрудник для добычи полезных ресурсов, один для боя и еще один для исследования."
    }
  ]
}
