{
  "name": "Руна скорости",
  "icon": "bloodmagic:speedrune",
  "category": "bloodmagic:altar/blood_rune",
  "pages": [
    {
      "type": "text",
      "text": "$(item)Руна скорости$() увеличивает все операции кровавого алтаря. Скорость крафта (и скорость потери прогресса крафта, когда алтарь пуст) увеличивается на +20% за каждую руну."
    },
    {
      "type": "crafting",
      "recipe": "bloodmagic:blood_rune_speed"
    }
  ]
}