{
  "children": [
    "getting_started/altars"
  ],
  "entries": [
    "items/arthana",
    "items/earmuffs",
    "items/broom",
    "items/taglock_kit",
    "items/bone_needle",
    "items/attuned_stone"
  ],
  "icon": {
    "count": 1,
    "id": "enchanted:arthana"
  },
  "landing_text": "To get started in witchcraft, first you must know about the basic tools and equipment used by witches.\n\nThis chapter tells you everything you need to know about getting started as a Witch.",
  "title": "Getting Started"
}