{
  "name": "Активационный кристал",
  "icon": "bloodmagic:activationcrystalweak",
  "category": "bloodmagic:rituals",
  "pages": [
    {
      "type": "text",
      "text": "Ваши ритуалы требуют большего, чем просто правильное расположение блоков и сигилов. Требуется усилие воли, чтобы открыть канал от вашей сети душ к ритуалу, а $(item)активациооный кристал$() позволит вам достаточно сфокусироваться, чтобы активировать свои ритуалы."
    },
    {
      "type": "crafting_altar",
      "heading": "Слабый активационный кристалл",
      "recipe": "bloodmagic:weak_activation_crystal",
      "text": "Просто нажмите [$(k:use)] слабым активационным кристаллом по главному ритуальному камню, чтобы активировать ритуал – при условии, что он правильно собран.",
      "anchor": "weak"
    }
  ]
}
