{
  "name": "Базовый массив алхимии",
  "icon": "bloodmagic:arcaneashes",
  "category": "bloodmagic:alchemy_array/functional_array",
  "pages": [
    {
      "type": "text",
      "text": "$(item)Тайный пепел$() - это предмет, который играет ключевую роль в создании массивов алхимии. $(item)Тайный пепел$() создается на $(l:bloodmagic:alchemy_table/alchemy_table)алхимическом слоле$() используя несколько начальных предметов."
    },
    {
      "type": "crafting_alchemy_table",
      "heading": "Тайный пепел",
      "recipe": "bloodmagic:alchemytable/arcane_ash"
    },
    {
      "type": "text",
      "text": "Чтобы создать массив алхимии, нажмите [$(k:use)] глядя на блок с $(item)тайным пеплом$() в руке. Это поглотит 1 прочность из 20 от $(item)тайного пепла$() и нарисует простой $(thing)массив алхимии$(), который сам по себе не имеет никаких эффектов. $(br2)Когда вы нажимаете на $(thing)массив алхимии$(), он потребляет один $(item)предмет$() из стака в вашей руке и сохраняет его в массиве. Затем эти предметы используются для определения эффекта $(thing)массива алхимии$()."
    },
    {
      "type": "image",
      "images": [
        "bloodmagic:images/entries/alchemy_array/simple_array.png",
        "bloodmagic:images/entries/alchemy_array/divination_array_1.png",
        "bloodmagic:images/entries/alchemy_array/divination_array_2.png"
      ],
      "title": "Массив алхимии",
      "border": true,
      "text": "$(thing)Массив алхимии$(): без входов; только $(item)базовый элемент$(); оба $(item)базовый элемент$() и $(item)катализатор$()."
    },
    {
      "type": "text",
      "text": "Для каждого эффекта требуется два предмета: $(item)базовый элемент$() и $(item)катализатор$(). $(item)Базовый элемент$() — это первый элемент, которым вы щелкаете на массив после его рисования, а $(item)катализатор$() - второй. Когда вы используете базовый элемент, дизайн массива изменится соответствующим образом, и после применения катализатора, массив будет активирован."
    },
    {
      "type": "text",
      "text": "На данный момент доступно лишь несколько типов массивов, но в итоге вы сможете создавать массивы, начиная от простых для  $(l:bloodmagic:alchemy_array/functional_arrays/crafting_array)крафта$(/l) и до таких сложных, как массивы телепортации."
    }
  ]
}
