{
  "assigned_items": [],
  "icon": {
    "count": 1,
    "id": "enchanted:circle_talisman"
  },
  "pages": [
    {
      "components": [
        {
          "header": "Performing Rites",
          "template": "modopedia:page/headered_text",
          "text": "To perform circle magic, there are three basic steps a witch must follow. First, drawing the correct chalk circles. Second, placing the correct sacrifices into the circle and lastly, activating the rite."
        }
      ]
    },
    {
      "components": [
        {
          "header": "Chalk Circles",
          "template": "modopedia:page/headered_text",
          "text": ""
        }
      ]
    }
  ],
  "title": "Performing Rites"
}