{
  "name": "Основы живой брони",
  "icon": "bloodmagic:reagentbinding",
  "category": "bloodmagic:alchemy_array/living_equipment",
  "extra_recipe_mappings": {
    "bloodmagic:reagentbinding": 1,
    "bloodmagic:livinghelmet": 3,
    "bloodmagic:livingplate": 3,
    "bloodmagic:livingleggings": 3,
    "bloodmagic:livingboots": 3
  },
  "pages": [
    {
      "type": "text",
      "text": "Чтобы создать $(item)живую броню$(), сперва вам нужна $(item)железная броня$(), немного $(l:bloodmagic:alchemy_array/functional_arrays/arcane_ash)тайного пепла$(), и $(item)связующий реагент$(). Также вам понадобится $(br)$(l:bloodmagic:demon_will/will_manipulation/soul_gem)обычный камень души$() содержащий $(item)волю демона$()."
    },
    {
      "type": "crafting_alchemy_table",
      "heading": "Связующий реагент",
      "recipe": "bloodmagic:alchemytable/reagent_binding",
      "text": "$(italic)Он крепко меня зацепил...$() $(br2)$(br2)$(item)Живая броня$() по стойкости такая же как $(item)алмазная броня$(), и может быть починена в $(thing)наковальне$() с использованием $(thing)связующего реагента.$()"
    },
    {
      "type": "text",
      "text": "как и в случае в другим массивом алхимии, нажмите [$(k:use)] глядя на блок с $(item)тайным пеплом$() в руке, затем примените $(item)связующий реагент$(). Затем разместите $(item)железный шлем$(), $(item)железный нагрудник$(), $(item)железные поножи$() или $(item)железные ботинки$(), отойдитеи наблюдайте.$(br2) Живая броня изначально эквивалентна Железу, но у него есть $(thing)очки улучшений$() которые можно с осторожностью потратить на его развитие определенным образом. Количество очков начинается со 100, но могут быть способы обойти это ограничение..."
    },
    {
      "type": "crafting_array",
      "heading": "Связующий ритуал",
      "recipe": "bloodmagic:array/living_helmet",
      "text": "Оно живое, все в порядке... и учится у вас. Вам лучше быть осторожным с тем, чему вы его учите. $(br2)Вы можете внимательно следить за тем, как развивается броня, удерживая [$(k:sneak)] наводитесь на элемент брони."
    }
  ]
}
