{
    "name": "Пчела-барахольщица",
    "icon": "minecraft:shulker_shell",
    "read_by_default": true,
    "sortnum": 6,
    "category": "productivebees:bees_worker",
    "pages": [
        {
            "type": "patchouli:text",
            "title": "Пчела-барахольщица",
            "text": "Собирает с земли предметы и кладёт их в свой улей. Она круче и лучше $(l:bees/worker/collector)пчелы-сборщицы$(/l).$(br)Для автоматической фермы, объедините с пчелой-фермером."
        },
        {
            "type": "patchouli:entity",
            "entity": "productivebees:hoarder_bee"
        }
    ]
}