{
    "name": "Карьерная пчела",
    "icon": "minecraft:wooden_pickaxe",
    "read_by_default": true,
    "sortnum": 4,
    "category": "productivebees:bees_worker",
    "pages": [
        {
            "type": "patchouli:text",
            "title": "Карьерная пчела",
            "text": "Грызёт ближайший камень, песок и гравий, собирает каменные высевки в свой улей. Каменные высевки можно собрать в точную копию блока."
        },
        {
            "type": "patchouli:entity",
            "entity": "productivebees:quarry_bee"
        }
    ]
}