{
  "name": "Узлы маршрутизации",
  "icon": "bloodmagic:masterroutingnode",
  "category": "bloodmagic:demon_will/item_routing",
  "priority": "true",
  "pages":[
    {
      "type": "text",
      "text": "Перетаскивание предметов вручную для некоторых людей может быть нормальным, но мы — маги крови. Более того, у нас есть доступ к $(raw)воли демона$()! Наверняка есть лучший способ чтобы делать это. $(br)Таким образом, вам удалось придумать $(thing)узлы маршрутизации$(). Они открывают мощный способ транспортировки, сортировки и фильтрации предметов, магическим образом отправляя их по воздуху так, как вы пожелаете."
    },
    {
      "type": "text",
      "text": "$(thing)Сеть узлов маршрутизации$() включает 3 компонента: $(item)узел маршрутизации ввода$(), $(item)узел маршрутизации вывода$(), и $(item)главный узел маршрутизации$(). $(br2)В сети должен быть 1 $(item)главный узел маршрутизации$(), и другие узлы должны иметь возможность проследить обратный путь к главному узлу, напрямую или через другие узлы. $(br2)Узлы ввода и вывода могут извлекать или вставлять предметы из любого блока с доступным инвентарем."
    },
    {
      "type": "crafting_soulforge",
      "heading": "Главный узел маршрутизации",
      "recipe": "bloodmagic:soulforge/master_routing_node",
      "text": "Главный узел сможет принимать улучшения в будущем, но пока он служит только для контроля и управления сетью, выступая в качестве ее 'мозга'."
    },
    {
      "type": "text",
      "text": "$(item)Главный узел маршрутизации$() не плох, но без двух других типов узлов он не особенно полезен сам по себе, так что давайте перейдем к следующему. $(br2)$(item)Узел маршрутизации ввода$() втягивает предметы в сеть, $(item)узел маршрутизации вывода$() экспортирует их, а $(item)узел маршрутизации$() служит для расширения охвата вашей сети. Поскольку узлы ввода и вывода в настоящее время идентичны, мы сосредоточимся на узле маршрутизации ввода, если другие не предусматриваются."
    },
    {
      "type": "crafting_soulforge",
      "heading": "Узер маршрутизации",
      "recipe": "bloodmagic:soulforge/routing_node",
      "text": "Сам по себе он мало что делает, но его можно использовать для расширения $(thing)сети маршрутизации$() за пределы 16 блоков."
    },
    {
      "type": "2x_crafting_soulforge",
      "a.heading": "Узел маршрутизации ввода",
      "a.recipe": "bloodmagic:soulforge/input_routing_node",
      "b.heading": "Узел маршрутизации вывода",
      "b.recipe": "bloodmagic:soulforge/output_routing_node"
    },
    {
      "type": "text",
      "text": "Когда вы устанавливаете узел ввода или вывода, он автоматически соединяется $(thing)со всеми смежными инвентарями$(), но ничего не происходит, если в хотя бы одном из его слотов нет какого-либо типа $(item)фильтра$(). Например, вы можете использовать$(l:bloodmagic:demon_will/item_routing/standard_item_filter)стандартный фильтр предметов$() настроенный на $(item)железную руду$() наверху $(item)печи$(), второй фильтр, настроенный на уголь, на боковой стороне печи, и узел ввода внизу, настроенный на железные слитки."
    },
    {
      "type": "image",
      "images": [
        "bloodmagic:images/entries/routing/node_demo.png"
      ],
      "border": true,
      "text": "Узел вывода в мире."
    },
    {
      "type": "image",
      "images": [
        "bloodmagic:images/entries/routing/node_gui_right.png"
      ],
      "border": true,
      "text": "Когда мы настроили наши узлы, откроем графический интерфейс узлов."
    },
    {
      "type": "text",
      "text": "Справа у нас есть главные направления - $(bold)D$()вниз, $(bold)U$()вверх, $(bold)N$()север, $(bold)S$()юг, $(bold)W$()запад и $(bold)E$()восток. Вы заметите, что на некоторых кнопках появляется маленькая картинка блока, представляющая то, что находится на этой стороне узла. Графический интерфейс будет открыт на стороне, смотрящей на прикрепленный инвентарь, или внизу, если инвентарь не подключен. Сами кнопки следуют направлению, в котором смотрит игрок, так что верхняя кнопка - это 'вперед', левая кнопка - 'налево' и т.д."
    },
    {
      "type": "image",
      "images": [
        "bloodmagic:images/entries/routing/node_gui_left.png"
      ],
      "border": true
    },
    {
      "type": "text",
      "text": "Слева вы увидите место для вставки фильтра для выбранной стороны и приоритет. Большие числа означают большую важность. $(br2)Узлы могут иметь один фильтр на сторону - поэтому мы выбираем нужную нам сторону и помещаем в неё наш фильтр. (Для получения более подробной информации о фильтрах смотрите 'Маршрутизация предметов')."
    },
    {
      "type": "text",
      "text": "Когда ваши узлы ввода и вывода будут настроены, и будут связаны друг с другом с помощью $(l:bloodmagic:demon_will/item_routing/node_router)маршрутизатора узлов$(), в сети, которая включает один $(item)главный узел маршрутизации$(), и в оба узла будут вставлены фильтры предметов в правильные стороны, все будет готово к работе! Предметы будут перемещаться в соответствии с приоритетами и правилами, содержащимися в ваших фильтрах."
    },
    {
      "type": "image",
      "images": [
        "bloodmagic:images/entries/routing/network_demo.png"
      ],
      "border": true,
      "text": "Узлы не обязательно должны быть непосредсвенно связаны с $(item)главным узлом маршрутизации$(), они могут быть связаны с любым узлом в сети."
    }
  ]
}
