{
  "name": "Заряженный удар",
  "icon": "minecraft:golden_axe",
  "category": "bloodmagic:alchemy_array/living_equipment/armor_upgrades",
  "pages": [
    {
      "type": "text",
      "text": "Эффект: Увеличивает урон и отбрасывание от быстрых атак до +50% $(br2)Развитие: Нанесение урона во время бега. $(br2)Максимальный уровень: 5"
    },
    {
      "type": "bloodmagic:living_armour_upgrade_table",
      "upgrade": "bloodmagic:sprint_attack"
    }
  ]
}