{
  "name": "Яростный удар",
  "icon": "minecraft:golden_sword",
  "category": "bloodmagic:alchemy_array/living_equipment/armor_upgrades",
  "pages": [
    {
      "type": "patchouli:text",
      "text": "Эффект: Атаки ближнего боя наносят дополнительный урон $(br2)Обучение: Выполнение атак ближнего боя. $(br2)Максимальный уровень: 10"
    },
    {
      "type": "bloodmagic:living_armour_upgrade_table",
      "upgrade": "bloodmagic:melee_damage"
    }
  ]
}