{
  "name": "Твики для раздатчика",
  "icon": "minecraft:dispenser",
  "category": "caupona:tweaks",
  "sortnum": 0,
  "pages": [
    {
      "type": "text",
      "text": "Раздатчики теперь имеют несколько новых функций для автоматизации приготовления пищи."
    },
    {
      "type": "text",
      "text": "Если внутри раздатчика есть миски или ведра, он попытается слить жидкость из контейнеров перед собой. Это можно использовать для автоматизации получения тушеного мяса."
    },
    {
      "type": "text",
      "text": "Если внутри раздатчика есть ведра с водой или миски с тушеным мясом, он попытается наполнить контейнер для жидкости перед собой. Это можно использовать для автоматического добавления воды в котлы или для автоматизации смешивания жидкостей."
    },
    {
      "type": "text",
      "text": "Если внутри раздатчика есть бутылки с маслом, а перед ним находится соусница (размещенная бутылка с маслом), он попытается заменить соусницу на те, что находятся в его инвентаре. Это можно использовать для автоматизации пополнения запасов масла."
    },
    {
      "type": "text",
      "text": "Также, если поместить миски внутрь раздатчика, он сможет вынимать приготовленные блюда со сковородок. Помещение баночек со специями внутрь раздатчика может заменить другие баночки со специями в интерфейсах утвари, а помещение цветочных горшков внутрь может вынимать специи."
    }
  ]
}