{
  "name": "Новый рецепт красителя",
  "icon": "minecraft:orange_dye",
  "category": "caupona:tweaks",
  "sortnum": 4,
  "pages": [
    {
      "type": "text",
      "text": "Выдерживание $(l:intro/chimney)сажи$() и костного желатина (жидкости) в различных соотношениях и концентрациях позволяет получить красители трех цветов: оранжевого, черного и коричневого."
    }
  ]
}