{
  "name": "Живая броня",
  "description": "Вместе с $(item)тайным пеплом$() и горстью этого нового $(item)связующего реагента$(), целый мир полезностей и защиты откроется перед вами. $(br)Кликните на иконку ниже, чтобы увидеть полный список улучшений.",
  "icon": "bloodmagic:livinghelmet",
  "parent": "bloodmagic:alchemy_array",
  "sortnum": 2
}
