{
  "display_on_front_page": false,
  "entries": [
    "blocks/altar",
    "getting_started/torch_upgrades",
    "getting_started/skull_upgrades",
    "getting_started/chalice_upgrades"
  ],
  "icon": {
    "count": 1,
    "id": "enchanted:altar"
  },
  "landing_text": "An altar acts as a source of magical energy for chalk circles and most of a witch's tools.\n\nThe amount of natural energy around an altar will determine how effective it is. Generally, a variety of plants is best.",
  "title": "Altars"
}