{
    "name": "Пчела-копалка",
    "icon": "productivebees:spawn_egg_digger_bee",
    "read_by_default": true,
    "sortnum": 6,
    "category": "productivebees:bees_solitary",
    "pages": [
        {
            "type": "patchouli:text",
            "title": "Пчела-копалка",
            "text": "[Anthophora urbana]",
            "anchor": "digger"
        },
        {
            "type": "patchouli:entity",
            "entity": "productivebees:digger_bee"
        }
    ]
}