{
    "name": "Зелёная пчела-плотник",
    "icon": "productivebees:spawn_egg_green_carpenter_bee",
    "read_by_default": true,
    "sortnum": 3,
    "category": "productivebees:bees_solitary",
    "pages": [
        {
            "type": "patchouli:text",
            "title": "Зелёная пчела-плотник",
            "text": "[Xylocopa aerata]",
            "anchor": "green_carpenter"
        },
        {
            "type": "patchouli:entity",
            "entity": "productivebees:green_carpenter_bee"
        }
    ]
}