{
    "name": "Пчела-листорез",
    "icon": "productivebees:spawn_egg_leafcutter_bee",
    "read_by_default": true,
    "sortnum": 7,
    "category": "productivebees:bees_solitary",
    "pages": [
        {
            "type": "patchouli:text",
            "title": "Пчела-листорез",
            "text": "[Megachile brevis]",
            "anchor": "leafcutter"
        },
        {
            "type": "patchouli:entity",
            "entity": "productivebees:leafcutter_bee"
        }
    ]
}