{
    "name": "Пчела-каменщица",
    "icon": "productivebees:spawn_egg_mason_bee",
    "read_by_default": true,
    "sortnum": 8,
    "category": "productivebees:bees_solitary",
    "pages": [
        {
            "type": "patchouli:text",
            "title": "Пчела-каменщица",
            "text": "[Osmia lignaria]",
            "anchor": "mason"
        },
        {
            "type": "patchouli:entity",
            "entity": "productivebees:mason_bee"
        }
    ]
}