{
    "name": "Неоновая пчела-кукушка",
    "icon": "productivebees:spawn_egg_neon_cuckoo_bee",
    "read_by_default": true,
    "sortnum": 9,
    "category": "productivebees:bees_solitary",
    "pages": [
        {
            "type": "patchouli:text",
            "title": "Неоновая пчела-кукушка",
            "text": "[Thyreus nitidulus]",
            "anchor": "neon_cuckoo"
        },
        {
            "type": "patchouli:entity",
            "entity": "productivebees:neon_cuckoo_bee"
        }
    ]
}