{
    "name": "Жёлтая и чёрная пчела-плотник",
    "icon": "productivebees:spawn_egg_yellow_black_carpenter_bee",
    "read_by_default": true,
    "sortnum": 4,
    "category": "productivebees:bees_solitary",
    "pages": [
        {
            "type": "patchouli:text",
            "title": "Жёлтая и чёрная пчела-плотник",
            "text": "[Xylocopa aruana]",
            "anchor": "yellow_black_carpenter"
        },
        {
            "type": "patchouli:entity",
            "entity": "productivebees:yellow_black_carpenter_bee"
        }
    ]
}