{
  "name": "Держатель карт",
  "icon": "laserio:card_holder",
  "sortnum": 2,
  "category": "laserio:items",
  "pages": [
    {
      "type": "patchouli:text",
      "text": "Держатель карт — это решение всех ваших проблем с инвентарём! По крайней мере, тех, что вызваны этой модификацией... Просто создайте держатель карт и $(bold)щёлкните ПКМ$() с ним в руке, чтобы открыть интерфейс. $(br)Карты, помещённые в этот интерфейс, могут складываться до 64 штук, при условии совпадения их NBT-данных."
    },
    {
      "type": "patchouli:text",
      "text": "($(bold)Напоминание:$() вы можете положить карты в окно создания (верстак), чтобы сбросить их NBT).$(br2)Карты можно изменять прямо в держателе — нажмите ПКМ на стак карт (как в лазерном узле).$(br2)$(bold)ПРИМЕЧАНИЕ$(): Если размер стака больше 1, слоты для фильтров и ускорителей будут отключены, чтобы предотвратить дублирование предметов. #ВинитеSoaryn"
    },
    {
      "type": "patchouli:text",
      "text": "Щёлкните $(bold)ПКМ крадучись$() с держателем карт в руке, чтобы тот начал автоматически выводить карты из вашего инвентаря!$(br2)Вы можете понять, активирована ли эта функция, по свечению держателя в инвентаре.$(br2)Снова щёлкните $(bold)ПКМ крадучись$(), чтобы отключить.$(br2)Если у вас есть держатель карт в инвентаре, когда вы открываете узел, вы увидите карты внутри держателя."
    },
    {
      "type": "patchouli:text",
      "text": "$(bold)ПРИМЕЧАНИЕ:$() Фильтры и ускорители теперь можно хранить в держателе карт! Фильтры будут автоматически добавлены в держатель только если у них нет сохранённых данных. Положите карты в окно создания (верстак), чтобы очистить сохранённые данные.$(br2)Фильтры с сохранёнными данными можно добавить в держатель вручную."
    },
    {
      "type": "patchouli:crafting",
      "title": "Держатель карт",
      "recipe": "laserio:card_holder"
    }
  ]
}