{
  "name": "Редстоун-карты",
  "sortnum": 4,
  "category": "laserio:cards",
  "icon": "laserio:card_redstone",
  "pages": [
    {
      "type": "patchouli:text",
      "text": "Редстоун-карты используются для передачи редстоун-сигналов по всей сети LaserIO. $(br2)Редстоун-карты имеют отдельный «канал редстоун-сигнала», который отличается от каналов, используемых другими картами."
    },
    {
      "type": "patchouli:text",
      "text": "Редстоун-карты имеют 2 режима:$(br2)$(bold)Ввод$()$(br)Режим ввода принимает редстоун-сигнал от источников (напр. пыль, рычаг, кнопка), и передаёт его по сети на канал сигнала, настроенный на карте.$(br2)$(bold)Выводы$(br)Режим вывода передаёт сигнал блокам, запитываемым от редстоун-сигнала (напр. повторитель, пыль, лампа)."
    },
    {
      "type": "patchouli:text",
      "text": "Режим вывода имеет переключатель между слабым и сильным сигналом. В слабом режиме, сигнал передаётся только на непосредственно прилегающие блоки, аналогично работе пыли.$(br2)В сильном режиме, редстоун-сигнал может передаваться через прилегающий блок и воздействовать на блок с другой стороны, аналогично работе повторителей."
    },
    {
      "type": "patchouli:text",
      "text": "Все карты имеют переключатель режима редстоун-сигнала, который по умолчанию установлен на «игнорировать», что означает, что карты будут работать всегда.$(br2)Если установлено значение «низкий», карты будут работать только при ОТСУТСТВИИ редстоун-сигнала в канале сигнала (кнопка канала находится справа от переключателя сигнала).$(br2)В режиме «высокий» карты будут работать только при НАЛИЧИИ редстоун-сигнала в канале сигнала."
    },
    {
      "type": "patchouli:crafting",
      "title": "Редстоун-карта",
      "recipe": "laserio:card_redstone"
    }
  ]
}