{
  "name": "Клонирующая карта",
  "icon": "laserio:card_cloner",
  "sortnum": 2,
  "category": "laserio:items",
  "pages": [
    {
      "type": "patchouli:text",
      "text": "Клонирующая карта может быть использована для «копирования и вставки» настроек карт с одной карты на другую! В экране $(l:laserio:laser_node)лазерного узла$(/l), возьмите клонирующую карту курсором, и нажмите ЛКМ на другую карту, чтобы скопировать её настройки. $(br)Нажмите ПКМ на карту, чтобы вставить сохранённые настройки"
    },
    {
      "type": "patchouli:text",
      "text": "из клонирующей карты.$(br2)При вставке, $(l:laserio:overclocker_card)ускорители$(/l) и $(l:laserio:filters)фильтры$(/l) будут автоматически взяты (или возвращены) в доступный $(l:laserio:card_holder)держатель карт$(/l). Эти предметы не будут извлечены из инвентаря игрока.$(br2)Если какие-либо необходимые предметы отсутствуют, вставка не произойдёт. Настройки НЕ БУДУТ вставлены частично."
    },
    {
      "type": "patchouli:crafting",
      "title": "Клонирующая карта",
      "recipe": "laserio:card_cloner"
    }
  ]
}