{
  "name": "Жидкостные карты",
  "sortnum": 2,
  "category": "laserio:cards",
  "icon": "laserio:card_fluid",
  "pages": [
    {
      "type": "patchouli:text",
      "text": "Жидкостные карты используются для передачи жидкостей между баками и танками.$(br2)Значения ускорителей описаны на следующей странице."
    },
    {
      "type": "patchouli:text",
      "text": "Максимальные значения mB/T для ускорителей:$(br2)$(li)0 ускорителей: 1,000mb/20t$(li)1 ускоритель:  2,000mb/15t$(li)2 ускорителя: 4,000mb/10t$(li)3 ускорителя: 6,000mb/5t$(li)4 ускорителя: 8,000mb/1t"
    },
    {
      "type": "patchouli:crafting",
      "title": "Жидкостная карта",
      "recipe": "laserio:card_fluid"
    }
  ]
}