{
  "name": "Предметные карты",
  "sortnum": 1,
  "category": "laserio:cards",
  "icon": "laserio:card_item",
  "pages": [
    {
      "type": "patchouli:text",
      "text": "Предметные карты используются для передачи предметов между сундуками, печами и другими инвентарями$(br2)Значения ускорителей описаны на следующей странице."
    },
    {
      "type": "patchouli:text",
      "text": "Максимальные значения предметов/T для ускорителей:$(br2)$(li)0 ускорителей: 8 предметов/20t (в 20 тиков)$(li)1 ускоритель:  16 предметов/15t (в 15 тиков)$(li)2 ускорителя: 32 предмета/10t (в 10 тиков)$(li)3 ускорителя: 48 предметов/5t (в 5 тиков)$(li)4 ускорителя: 64 предмета/t (в тик)"
    },
    {
      "type": "patchouli:crafting",
      "title": "Предметная карта",
      "recipe": "laserio:card_item"
    }
  ]
}