{
  "name": "Канал",
  "sortnum": 4,
  "category": "laserio:mechanics",
  "icon": "laserio:textures/gui/buttons/blankbutton.png",
  "pages": [
    {
      "type": "patchouli:text",
      "text": "Карты могут взаимодействовать только с другими картами, находящимися на том же канале. Это позволяет игроку иметь несколько наборов логики маршрутизации в одной сети.$(br2)Например, карты вывода на «оранжевом» канале будут пытаться вводить только в карты ввода на «оранжевом» канале и игнорировать все остальные."
    },
    {
      "type": "patchouli:text",
      "text": "Например, установите карту вывода на «оранжевый» канал с фильтром на булыжник и другую карту вывода на «чёрный» канал с фильтром на уголь. Затем поместите их в один узел. $(br2)Карта ввода на оранжевом канале будет находиться над печью, а карта ввода на чёрном канале — под ней. Это гарантирует, что только булыжник будет поступать в верхнюю часть печи, а уголь — в нижнюю."
    }
  ]
}