{
  "name": "Точное количество",
  "sortnum": 6,
  "category": "laserio:mechanics",
  "icon": "laserio:textures/gui/buttons/exacttrue.png",
  "pages": [
    {
      "type": "patchouli:text",
      "text": "Точное количество доступно только в режимах вывода и резервации.$(br2)Режим точного количества гарантирует, что будет выведено именно то количество предметов, которое указано в поле «Размер передачи». Например, если количество вывода установлено на 8, а в соседнем сундуке только 5 предметов, карта вывода не будет их выводить, пока не будет доступно 8."
    },
    {
      "type": "patchouli:text",
      "text": "Режим точного количества работает немного иначе для карт резервации. Точное количество будет разрешать перемещение предметов только если доступно количество, необходимое для выполнения запроса на резервацию ИЛИ размер вывода, в зависимости от того, что меньше.$(br2)Например, если резерватору нужно минимум 13 предметов, а выводится 32 предмета за раз, то они будут выведены только если есть ещё 13 свободных предметов где-то в сети."
    }
  ]
}