{
  "name": "Фильтр NBT",
  "sortnum": 3,
  "category": "laserio:filters",
  "icon": "laserio:filter_nbt",
  "pages": [
    {
      "type": "patchouli:text",
      "text": "Фильтр NBT имеет очень похожее меню и функциональность на $(l:laserio:filter_tag)фильтр тегов$(/l).$(br2)Помещение предмета в верхний правый слот покажет все метки NBT на этом предмете. Добавление их в список (так же, как и в фильтре тегов) будет фильтровать предметы, содержащие эти теги, независимо от значений, которые им присвоены."
    },
    {
      "type": "patchouli:image",
      "title": "Интерфейс NBT",
      "images": [
        "laserio:textures/book/entries/nbt_filter.png"
      ],
      "border": true,
      "text": "Интерфейс NBT"
    },
    {
      "type": "patchouli:text",
      "text": "Например, все зачарованные предметы имеют тег «Enchantments», который указывает такие параметры, как Добыча, Острота и т.д. Если вы добавите тег «enchantments» в этот список, фильтр будет отсеивать все зачарованные предметы.$(br2)Зачарованные мечи могут отправляться в один инвентарь, а незачарованные — в другой. Независимо от того, какие чары наложены."
    },
    {
      "type": "patchouli:text",
      "text": "Вся остальная функциональность идентична $(l:laserio:filter_tag)фильтру тегов$(/l), см. соответствующую запись для получения дополнительной информации."
    }
  ]
}