{
  "name": "Основы фильтров",
  "icon": "laserio:logic_chip",
  "sortnum": 0,
  "category": "laserio:filters",
  "pages": [
    {
      "type": "patchouli:text",
      "text": "Нажмите ПКМ с фильтром в руке, чтобы открыть его интерфейс. Также увидеть его интерфейс можно, когда фильтр находится внутри карты.$(br2)Фильтры позволяют ограничить, какие предметы могут быть введены, выведены или зарезервированы.$(br2)1. Разрешить или Запретить$(br)2. Сравнение NBT$(br)3. Слоты фильтра"
    },
    {
      "type": "patchouli:image",
      "title": "Интерфейс фильтра",
      "images": [
        "laserio:textures/book/entries/filter_basic.png"
      ],
      "border": true,
      "text": "Интерфейс базового фильтра"
    },
    {
      "type": "patchouli:text",
      "text": "Разрешить или Запретить$(br2)В режиме «Разрешить» предметы в фильтре будут разрешены. Это означает, что в режиме ввода, узлы могут принимать только булыжник, а в режиме вывода, могут выводить только булыжник.$(br2)В режиме «Запретить», они наоборот не могут работать только с булыжником."
    },
    {
      "type": "patchouli:text",
      "text": "Сравнение NBT$(br2)Когда включено сравнение NBT, фильтр будет учитывать теги NBT на предметах. Например, меч хранит информацию о том, сколько урона он получил, в NBT. С включённым «Сравнением NBT» алмазный меч без повреждений отличается от повреждённого или зачарованного.$(br2)С отключённым «Сравнением NBT» все алмазные мечи будут совпадать, независимо от их состояния."
    }
  ]
}