{
  "name": "Счётный фильтр",
  "sortnum": 2,
  "category": "laserio:filters",
  "icon": "laserio:filter_count",
  "pages": [
    {
      "type": "patchouli:text",
      "text": "Счётный фильтр может указывать определённое количество предметов и играет разную роль в зависимости от режима карты.$(br2)Количество предметов может варьироваться от 1 до 4096. ЛКМ увеличивает количество, а ПКМ уменьшает его. Удерживание Shift или Ctrl изменит это значение на 10 или 64 соответственно."
    },
    {
      "type": "patchouli:text",
      "text": "Если счётный фильтр используется в карте с режимом резервации, он будет пытаться поддерживать указанное количество ресурсов в запасе. Например, для хранения 64 булыжников в сундуке используется счётный фильтр с 64 блоками булыжника.$(br2)Если счётный фильтр используется в карте с режимом ввода, он ограничит количество предметов, которые могут быть отправлены в этот инвентарь картами вывода."
    },
    {
      "type": "patchouli:text",
      "text": "Если счётный фильтр используется в карте с режимом вывода, он оставит указанное количество предметов. Например, если вы установите карту вывода с фильтром на 8 булыжников, она выведет все предметы из сундука, кроме последних 8 булыжников.$(br2)Счётные фильтры не имеют кнопки «Разрешить» или «Запретить», так как режим «Запретить» не имеет смысла для счётного фильтра. Все счётные фильтры работают в режиме «Разрешить». Взаимодействие с JEI работает так же, как и в $(l:laserio:filter_basic)базовом фильтре$(/l)."
    }
  ]
}