{
  "name": "Фильтр тегов",
  "sortnum": 2,
  "category": "laserio:filters",
  "icon": "laserio:filter_tag",
  "pages": [
    {
      "type": "patchouli:text",
      "text": "Фильтр тегов позволяет игроку фильтровать ресурсы по их тегам.$(br2)Теги — это способ группировки похожих ресурсов в Minecraft. Например, справа мы видим, что железный слиток имеет тег «forge:ingots». То же самое относится к слиткам золота, меди, олова и т.д.$(br2)Фильтр тегов позволит вам сортировать все слитки с помощью одной записи!"
    },
    {
      "type": "patchouli:image",
      "title": "Интерфейс тегов",
      "images": [
        "laserio:textures/book/entries/filter_tag.png"
      ],
      "border": true,
      "text": "Интерфейс тегов"
    },
    {
      "type": "patchouli:text",
      "text": "Сначала поместите предмет в слот в верхнем правом углу. Список тегов на этом предмете появится в $(#0000ff)синем$(). Нажмите на тег, который хотите добавить, и нажмите кнопку «+». Нажав кнопку «+», удерживая Shift, вы добавите все теги в список.$(br2)Чтобы удалить тег из списка, выберите его и нажмите кнопку «-». $(br2)Нажав кнопку «-», удерживая Shift, вы автоматически добавите/удалите тег."
    },
    {
      "type": "patchouli:text",
      "text": "Кнопка «X» очистит весь список.$(br2)Список обрабатывается как список «или» — это означает, что предмет, соответствующий любому из тегов в списке, будет отфильтрован.$(br2)Фильтры тегов не поддерживают сравнение NBT, так как это не имеет смысла."
    }
  ]
}