{
  "name": "Лазерный узел",
  "icon": "laserio:laser_node",
  "sortnum": 0,
  "category": "laserio:blocks",
  "pages": [
    {
      "type": "patchouli:text",
      "text": "Лазерный узел — это самый важный блок в LaserIO, так как он позволяет взаимодействовать с соседними блоками. $(br2)Используя карты, такие как $(l:laserio:card_item)Предметная карта$(/l), вы можете взаимодействовать с соседним блоком для передачи предметов, жидкостей, энергии или редстоун-сигнала."
    },
    {
      "type": "patchouli:image",
      "title": "Лазерный узел",
      "images": [
        "laserio:textures/book/entries/laser_node1.png"
      ],
      "border": true,
      "text": "Узел взаимодействует с сундуком"
    },
    {
      "type": "patchouli:text",
      "text": "Каждая сторона узла имеет сетку 3x3 слотов для карт. Нажмите ПКМ на сторону узла, чтобы открыть его интерфейс. $(br2)Используйте кнопки вверху, чтобы изменить сторону, с которой вы работаете, если сторона, которую нужно изменить, неудобно расположена.$(br2)На соседнем скриншоте показан узел, взаимодействующий с инвентарём на его западной стороне."
    },
    {
      "type": "patchouli:image",
      "title": "Интерфейс лазерного узла",
      "images": [
        "laserio:textures/book/entries/laser_node_gui1.png"
      ],
      "border": true,
      "text": "Интерфейс узла с картой"
    },
    {
      "type": "patchouli:text",
      "text": "Узлы могут взаимодействовать с несколькими соседними инвентарями одновременно."
    },
    {
      "type": "patchouli:image",
      "title": "Работа лазерного узла",
      "images": [
        "laserio:textures/book/entries/laser_node2.png"
      ],
      "border": true,
      "text": "Узел между двумя сундуками"
    },
    {
      "type": "patchouli:text",
      "text": "Узлы могут быть соединены друг с другом с помощью $(l:laserio:laser_wrench)лазерного гаечного ключа$(/l), что позволяет соединять удалённые инвентари. Максимальная дальность соединения составляет 8 блоков.$(br2)Если ваши узлы находятся дальше, рекомендуется использовать $(l:laserio:laser_connector)лазерные соединители$()."
    },
    {
      "type": "patchouli:image",
      "title": "Соединённые лазерные узлы",
      "images": [
        "laserio:textures/book/entries/laser_node3.png"
      ],
      "border": true,
      "text": "Два соединённых узла"
    },
    {
      "type": "patchouli:crafting",
      "title": "Лазерный узел",
      "recipe": "laserio:laser_node"
    }
  ]
}