{
  "name": "Ускоритель карт",
  "icon": "laserio:overclocker_card",
  "sortnum": 2,
  "category": "laserio:items",
  "pages": [
    {
      "type": "patchouli:text",
      "text": "Ускорители карт позволяют отдельным картам работать быстрее.$(br2)Например, карты предметов могут извлекать максимум 8 предметов каждые 20 тиков (1 секунда). С 4 ускорителями они могут достигать 64 предметов за 1 тик!$(br2)См. раздел «Карты» для получения дополнительной информации о том, как ускорители влияют на каждую карту."
    },
    {
      "type": "patchouli:crafting",
      "title": "Ускоритель карт",
      "recipe": "laserio:overclocker_card"
    }
  ]
}