{
  "name": "Режим редстоун-сигнала",
  "sortnum": 11,
  "category": "laserio:mechanics",
  "icon": "laserio:textures/gui/buttons/redstonehigh.png",
  "pages": [
    {
      "type": "patchouli:text",
      "text": "Режим редстоун-сигнала определяет, как сигнал на $(l:laserio:redstonechannel)канале$(/l) повлияет на карту.$(br2)По умолчанию этот режим установлен на $(bold)игнорировать$(), что означает, что карта будет работать всегда, и сигнал не повлияет на неё."
    },
    {
      "type": "patchouli:text",
      "text": "$(br2)Если установлено значение «низкий», карты будут работать только при ОТСУТСТВИИ редстоун-сигнала на канале редстоуна (кнопка канала находится справа от переключателя редстоуна).$(br2)В режиме «высокий» карты будут работать только при НАЛИЧИИ редстоун-сигнала на канале редстоуна."
    }
  ]
}