{
  "name": "Балансирование",
  "sortnum": 9,
  "category": "laserio:mechanics",
  "icon": "laserio:textures/gui/buttons/regulatetrue.png",
  "pages": [
    {
      "type": "patchouli:text",
      "text": "Режим балансирования доступен только в режиме резервации.$(br2)Балансирование гарантирует, что счётный фильтр будет поддерживать указанное количество ресурсов в инвентаре, не больше и не меньше."
    },
    {
      "type": "patchouli:text",
      "text": "Когда режим балансирования отключён, избыточные предметы не будут удаляться. Если резерватор запрашивает 32 булыжника с использованием счётного фильтра, а игрок или другая карта добавляют больше булыжников, избыточные булыжники не будут удалены.$(br2)С включённым режимом балансирования избыточные булыжники будут удалены, если есть узел с картой ввода, который может их принять."
    }
  ]
}