{
  "name": "Циклическое распределение",
  "sortnum": 5,
  "category": "laserio:mechanics",
  "icon": "laserio:textures/gui/buttons/roundrobintrue.png",
  "pages": [
    {
      "type": "patchouli:text",
      "text": "Циклическое распределение доступно только в режиме вывода.$(br2)Циклическое распределение указывает карте в режиме вывода равномерно распределять предметы между несколькими картами ввода.$(br2)Доступны три режима:$(br)1. Выкл.$(br)2. Вкл.$(br)3. Зависимость"
    },
    {
      "type": "patchouli:text",
      "text": "Когда установлено значение $(l)Выкл.$(), циклическое распределение отключено, и используется система $(l:laserio:priority)приоритета$(/l). Первый инвентарь будет заполнен полностью, прежде чем предметы будут отправлены во второй инвентарь.$(br2)Когда установлено значение $(l)Вкл.$(), предметы будут отправляться в сундуки в порядке приоритета и равномерно распределяться.$(br2)Если в сети есть 3 сундука, первый набор предметов отправится в первый сундук, второй набор — во второй сундук и так далее."
    },
    {
      "type": "patchouli:text",
      "text": "Когда установлено значение $(l)Зависимость$(), применяются те же правила, что и для режима «Вкл.». Однако, если один из пунктов назначения заполнится, карта в режиме вывода прекратит работу до тех пор, пока пункт снова не станет доступен.$(br2)Примечание: Выгрузка чанков может повлиять на механику циклического распределения, особенно если некоторые узлы выгружены, а другие — нет."
    }
  ]
}