{
  "name": "Режим датчика",
  "sortnum": 12,
  "category": "laserio:mechanics",
  "icon": "laserio:textures/gui/buttons/modesensor.png",
  "pages": [
    {
      "type": "patchouli:text",
      "text": "Режим датчика, в отличие от других режимов карт, не перемещает объекты. Вместо этого он смотрит на соседний инвентарь/бак/ячейку и проверяет, соответствуют ли его содержимое фильтру. Если да, он излучает редстоун-сигнал силой 15 на указанном канале редстоуна.$(br2)Карты режима датчика требуют фильтра для работы — без него они ничего не сделают."
    },
    {
      "type": "patchouli:text",
      "text": "С базовым фильтром датчик ищет любое количество объектов. Например, базовый фильтр с блоком булыжника будет проверять, есть ли булыжник в соседнем сундуке. Если да, он излучит редстоун-сигнал на указанном канале редстоуна.$(br2)Это будет верно, независимо от того, есть ли 1 блок булыжника или 1000."
    },
    {
      "type": "patchouli:text",
      "text": "С счётным фильтром датчик ищет количество, большее или равное указанному. Например, если счётный фильтр установлен на 32 куска булыжника, он будет излучать сигнал для 32, 33, 34 и так далее.$(br2)Однако для счётных фильтров доступна кнопка точного количества. Если она включена, сигнал будет излучаться только для 32 булыжников, не больше и не меньше."
    },
    {
      "type": "patchouli:text",
      "text": "В режиме датчика доступна новая кнопка — и/или. В режиме «или» только один из фильтров должен соответствовать, следуя предыдущим правилам.$(br2)Например, с 32 булыжниками и 16 стеклом в фильтре, в режиме «или», сундук должен содержать только 32 булыжника, чтобы излучить сигнал. Или 16 стекла. Или оба.$(br2)В режиме «и» все фильтры должны соответствовать, например, сундук должен содержать одновременно 32 булыжника и 16 стекла."
    },
    {
      "type": "patchouli:text",
      "text": "Фильтры тегов и модов работают так, как вы ожидаете. Для фильтров тегов в режиме «и» содержимое контейнера должно соответствовать всем тегам, будь то один предмет, соответствующий всем тегам, или несколько предметов.$(br2)Рекомендуется использовать только одну карту датчика на сторону на канал редстоун-сигнала, так как наличие нескольких может привести к гонкам условий, вызывающим неожиданные результаты."
    }
  ]
}