{
  "name": "Взаимодействие",
  "sortnum": 2,
  "category": "laserio:mechanics",
  "icon": "laserio:textures/gui/buttons/sneaky-up.png",
  "pages": [
    {
      "type": "patchouli:text",
      "text": "Настройка взаимодействия определяет, с какой стороны соседнего инвентаря карта будет пытаться работать.$(br2)Например, печь принимает предметы на переплавку с «верхней стороны» блока. Если узел находится вплотную к печи, необязательно сверху, установите режим взаимодействия карты ввода на «Вверх»."
    },
    {
      "type": "patchouli:text",
      "text": "Теперь эта карта будет пытаться вставлять предметы в «верхнюю» сторону печи.$(br2)Другая карта может быть настроена на взаимодействие «Вниз», чтобы вставлять топливо в нижнюю часть печи."
    }
  ]
}