{
  "name": "Скорость (в тиках)",
  "sortnum": 8,
  "category": "laserio:mechanics",
  "icon": "minecraft:textures/item/clock_00.png",
  "pages": [
    {
      "type": "patchouli:text",
      "text": "Скорость (в тиках) доступна только в режимах вывода и резервации.$(br2)Эта настройка определяет, как быстро работает карта. Значение по умолчанию 20 тиков означает, что карта извлечения будет извлекать предметы каждые 20 тиков, или 1 секунду."
    },
    {
      "type": "patchouli:text",
      "text": "Карты извлечения и резервации имеют значение по умолчанию и минимальное значение 20, с максимальным значением 1200, если не установлены $(l:laserio:overclocker_card)ускорители карт$(/l). Следующие минимальные скорости в тиках доступны с указанным количеством ускорителей:$(br)1. 15$(br)2. 10$(br)3. 5$(br)4. 1$(br2)Если вы хотите извлекать предметы каждый тик, вам нужно установить 4 ускорителя."
    },
    {
      "type": "patchouli:text",
      "text": "Вы можете щёлкать по этому значению, чтобы менять его:$(br)1. ЛКМ — +1$(br)2. ПКМ — -1$(br)3. Shift+ — шаг 10$(br)4. Ctrl+ — шаг 64.$(br)5. Ctrl+Shift+ — шаг 640$(br2)Таким образом, для примера, нажатие Ctrl+Shift+ПКМ уменьшит значение на 640."
    }
  ]
}