{
    "name": "Производительность",
    "icon": "productivebees:upgrade_time",
    "category": "productivebees:misc",
    "pages": [
        {
            "type": "patchouli:text",
            "text": "Некоторые элементы этого мода могут быть ресурсоёмкими, если их неправильно настроить. Этот раздел даёт несколько советов о том, как получить максимум от ваших пчёл, не замедляя работу компьютера."
        },
        {
            "type": "patchouli:text",
            "text": "Пчёлы, будучи сущностями в мире, а не просто блоками или предметами, естественным образом потребляют больше ресурсов. Большая нагрузка от сущностей связана с расчётом пути и искусственным интеллектом, в чём пчёлы не слишком хороши. Чтобы избежать ненужных вычислений ИИ, убедитесь, что у всех пчёл есть место для жизни и необходимый цветочный блок. Также держите пчёл в закрытом месте, которое не слишком велико, иначе они начнут разбредаться. В качестве альтернативы можно использовать улучшение «Симулятор» в улье, чтобы пчёлы не появлялись в мире как сущности."
        },
        {
            "type": "patchouli:text",
            "text": "Ещё одним источником нагрузки может быть отрисовка сот в $(l:blocks/centrifuge)центрифугах. Если у вас работает много центрифуг, подумайте об отключении отрисовки сот. Эту опцию можно найти в файле config/productivebees-client.toml"
        }
    ]
}