{
  "name": "Что означают иконки?",
  "icon": "minecraft:bowl",
  "category": "caupona:cook_recipes",
  "priority": true,
  "pages": [
    {
      "type": "text",
      "text": "Значок в виде горшка в верхнем левом углу страницы рецепта означает требования к основе и плотности (единица измерения: предметы на миску супа). Нижняя часть, разделенная на две панели, указывает требования к ингредиентам. Требования на левой панели должны быть выполнены, а те, что на правой, следует избегать."
    },
    {
      "type": "text",
      "text": "Есть несколько терминов, которые вы можете встретить в описаниях требований. $(l)Большинство$() означает, что количество указанных ингредиентов (обычно категорий) должно превышать одну треть всех ингредиентов и быть больше, чем любая другая категория.\n$(l)Половина$() означает, что указанных ингредиентов должно быть более половины от всех ингредиентов.\n$(l)Любой$() означает, что должен существовать хотя бы один из указанных ингредиентов."
    }
  ]
}