{
  "name": "Тяжелое сердце",
  "icon": "minecraft:slime_ball",
  "category": "bloodmagic:alchemy_table/potion_flasks/blood_magic",
  "pages": [
    {
      "type": "patchouli:text",
      "text": "$(thing)Тяжелое сердце$() неуклонно тянет объект вниз, значительно затрудняя полет и плавание. $(br2)Изготавливается из колбы, содержащей оба эффекта $(l:bloodmagic:alchemy_table/potion_flasks/blood_magic/gravity)Гравитации$() и $(l:bloodmagic:alchemy_table/potion_flasks/vanilla/instant_health)Исцеления$()."
    },
    {
      "type": "bloodmagic:3x_crafting_flask",
      "a.heading": "HТяжелое сердце (3:00)",
      "a.recipe": "bloodmagic:flask/gravity_to_heart",
      "b.heading": "Тяжелое сердце (8:00)",
      "b.recipe": "bloodmagic:flask/length_heavy_heart",
      "c.heading": "Тяжелое сердце II (1:30)",
      "c.recipe": "bloodmagic:flask/potency_heavy_heart"
    },
    {
      "type": "patchouli:text",
      "text": "добавление $(l:bloodmagic:alchemy_table/potions#average_potions)Стандартных катализаторов$() позволит усилить зелье."
    },
    {
      "type": "bloodmagic:2x_crafting_flask",
      "a.heading": "Тяжелое сердце III (0:45)",
      "a.recipe": "bloodmagic:flask/potency_average_heavy_heart",
      "b.heading": "Тяжелое сердце (21:20)",
      "b.recipe": "bloodmagic:flask/length_average_heavy_heart"
    }
  ]
}
