{
    "name": "Пчела-сборщица",
    "icon": "minecraft:hopper",
    "read_by_default": true,
    "sortnum": 5,
    "category": "productivebees:bees_worker",
    "pages": [
        {
            "type": "patchouli:text",
            "title": "Пчела-сборщица",
            "text": "Собирает с земли предметы и кладёт их в свой улей.$(br)Для автоматической фермы, объедините с пчелой-фермером."
        },
        {
            "type": "patchouli:entity",
            "entity": "productivebees:collector_bee"
        }
    ]
}