{
    "name": "Амурная пчела",
    "icon": "minecraft:arrow",
    "read_by_default": true,
    "sortnum": 7,
    "category": "productivebees:bees_worker",
    "pages": [
        {
            "type": "patchouli:text",
            "title": "Амурная пчела",
            "text": "Феромоны, выделяемые этой пчелой, поднимают настроение животным."
        },
        {
            "type": "patchouli:entity",
            "entity": "productivebees:cupid_bee"
        }
    ]
}