{
    "name": "Окрашенная пчела",
    "icon": "minecraft:red_dye",
    "read_by_default": true,
    "sortnum": 6,
    "category": "productivebees:bees_worker",
    "pages": [
        {
            "type": "patchouli:text",
            "title": "Окрашенная пчела",
            "text": "Производит краситель на основе опылённого цветка."
        },
        {
            "type": "patchouli:entity",
            "entity": "productivebees:dye_bee"
        }
    ]
}