{
    "name": "Лесная пчела",
    "icon": "minecraft:wooden_axe",
    "read_by_default": true,
    "sortnum": 3,
    "category": "productivebees:bees_worker",
    "pages": [
        {
            "type": "patchouli:text",
            "title": "Лесная пчела",
            "text": "Грызёт близлежащую древесину и собирает деревянные щепки в свой улей. $(m)Чуть-чуть клея, и$(/m) деревянные щепки можно собрать в брёвна."
        },
        {
            "type": "patchouli:entity",
            "entity": "productivebees:lumber_bee"
        }
    ]
}