{
	"components": [
		{
			"type": "patchouli:header",
			"text": "#result->iname",
			"x":-1,
			"y":-1
		},
		{
			"type": "patchouli:item",
			"item":"#base",
			"x":30,
			"y":33
		},
		{
			"type": "patchouli:custom",
			"recipe":"#recipe",
			"class":"com.teammoeg.caupona.patchouli.PerBowlTooltip",
			"x":61,
			"y":38
		},
		{
			"type": "patchouli:separator",
			"x":-1,
			"y":-1
		},
		{
			"type": "patchouli:image",
			"image": "#img",
			"width": 200,
			"height": 210,
			"scale":0.5,
			"y":20
		},
		{
			"type": "patchouli:frame",
			"y":20
		},
		{
			"type": "patchouli:custom",
			"recipe":"#recipe",
			"class":"com.teammoeg.caupona.patchouli.AllowenceTooltip",
			"x":0,
			"y":70,
			"w":50,
			"h":50,
			"allow":true
		},
		{
			"type": "patchouli:custom",
			"recipe":"#recipe",
			"class":"com.teammoeg.caupona.patchouli.AllowenceTooltip",
			"x":50,
			"y":70,
			"w":50,
			"h":50,
			"allow":false
		}
	]
}