{
  "name": "Масла",
  "icon": "bloodmagic:melee_anointment",
  "category": "bloodmagic:alchemy_table",
  "pages": [
    {
      "type": "text",
      "text": "$(item)Масла$() по сути, это $(item)зелья$() для ваших инструментов, оружия и даже ваших $(l:bloodmagic:demon_will/demonic_items/explosive_charges)зарядов$(). Нажав [$(k:use)] с $(item)маслом$() в одной руке, оно будет применено к предмету в другой руке, если это возможно. Не все масла работают на всех видах оружия и инструментов! $(br)В отличии от $(item)зелий$(), $(item)масла$() не рассчитаны на точное время использования; скорее, они постепенно смываются по мере использования вашего инструмента или оружия."
    },
    {
      "type": "crafting_alchemy_table",
      "heading": "Флакон, наполненный сланцем",
      "recipe": "bloodmagic:alchemytable/slate_vial",
      "text": "Этот флакон прочен и способен удерживать самые необычные и непредсказуемые смеси."
    }
  ]
}
