{
  "assigned_items": [
    "enchanted:arthana",
    "enchanted:tongue_of_dog",
    "enchanted:wool_of_bat",
    "enchanted:creeper_heart"
  ],
  "icon": {
    "count": 1,
    "id": "enchanted:arthana"
  },
  "pages": [
    {
      "components": [
        {
          "header": "Arthana",
          "template": "modopedia:page/headered_text",
          "text": "The $(b)arthana$(/b)  is a ritual knife used for sacrifice. When used to kill certain mobs, they can drop rare materials."
        },
        {
          "recipe": "enchanted:arthana",
          "template": "modopedia:recipe/crafting",
          "y": 75
        }
      ]
    },
    {
      "components": [
        {
          "components": [
            {
              "entity": "minecraft:bat",
              "scale": 0.75,
              "template": "modopedia:page/entity",
              "text": "$(b)Drops:$(/b)\nWool of Bat"
            },
            {
              "entity": "minecraft:wolf",
              "scale": 0.65,
              "template": "modopedia:page/entity",
              "text": "$(b)Drops:$(/b)\nTongue of Dog"
            },
            {
              "entity": "minecraft:creeper",
              "template": "modopedia:page/entity",
              "text": "$(b)Drops:$(/b)\nCreeper Heart"
            },
            {
              "entity": "minecraft:skeleton",
              "template": "modopedia:page/entity",
              "text": "$(b)Drops:$(/b)\nSkeleton Skull"
            }
          ]
        }
      ]
    }
  ],
  "title": "Arthana"
}