{
  "assigned_items": [
    "enchanted:attuned_stone"
  ],
  "icon": {
    "count": 1,
    "id": "enchanted:attuned_stone"
  },
  "pages": [
    {
      "components": [
        {
          "header": "Attuned Stones",
          "template": "modopedia:page/headered_text",
          "text": "An attuned stone is a diamond which has been infused with magical energy.\n\nIt can be charged to be used as a portable container for $(b)$(el:blocks/altar)altar power$(/el)$(/b), allowing the user to cast circle magic without an altar being present, and is also used in the creation of a variety of magical tools."
        }
      ]
    },
    {
      "components": [
        {
          "recipe": "enchanted:attuned_stone",
          "template": "modopedia:page/crafting"
        }
      ]
    }
  ],
  "title": "Attuned Stones"
}