{
  "assigned_items": [
    "enchanted:bone_needle"
  ],
  "icon": {
    "count": 1,
    "id": "enchanted:bone_needle"
  },
  "pages": [
    {
      "components": [
        {
          "header": "Bone Needles",
          "template": "modopedia:page/headered_text",
          "text": "Needles are an important part of many tools used for Witchcraft, most notably $(b)$(el:items/taglock_kit)taglock kits$(/el)$(/b) and $(b)poppets$(/b).\n\nA simple needle can be fashioned by whittling a bone."
        }
      ]
    },
    {
      "components": [
        {
          "recipe": "enchanted:bone_needle",
          "template": "modopedia:page/crafting"
        }
      ]
    }
  ],
  "title": "Bone Needles"
}