{
  "assigned_items": [
    "enchanted:breath_of_the_goddess"
  ],
  "icon": {
    "count": 1,
    "id": "enchanted:breath_of_the_goddess"
  },
  "pages": [
    {
      "components": [
        {
          "header": "Breath of the Goddess",
          "template": "modopedia:page/headered_text",
          "text": "Due to it's silvery appearance, birch is sometimes called \"White Lady Of The Woods\" and is associated with the goddess Brigid.\n\nThe smoke produced by burning birch has healing properties."
        }
      ]
    },
    {
      "components": [
        {
          "components": [
            {
              "recipe": "enchanted:byproduct/breath_of_the_goddess_birch_sapling",
              "template": "enchanted:page/byproduct"
            }
          ]
        }
      ]
    }
  ],
  "title": "Breath of the Goddess"
}