{
  "assigned_items": [
    "enchanted:brew_of_the_grotesque"
  ],
  "icon": {
    "count": 1,
    "id": "enchanted:brew_of_the_grotesque"
  },
  "pages": [
    {
      "components": [
        {
          "header": "Brew of the Grotesque",
          "template": "modopedia:page/headered_text",
          "text": "This brew makes the drinker unrecognisably grotesque, tricking nearby mobs into believing the drinker is one of their own.\n\nAdditionally, brew of the grotesque is used as a base in most curses."
        }
      ]
    },
    {
      "components": [
        {
          "recipe": "enchanted:kettle/brew_of_the_grotesque",
          "template": "enchanted:recipe/kettle"
        }
      ]
    }
  ],
  "title": "Brew of the Grotesque"
}