{
  "assigned_items": [
    "enchanted:brew_of_love"
  ],
  "icon": {
    "count": 1,
    "id": "enchanted:brew_of_love"
  },
  "pages": [
    {
      "components": [
        {
          "header": "Brew of Love",
          "template": "modopedia:page/headered_text",
          "text": "Charming or love potions are one of the most widely sought types of brew.\n\nWhen thrown, the vapour produced will cause nearby animals to become infatuated."
        }
      ]
    },
    {
      "components": [
        {
          "recipe": "enchanted:kettle/brew_of_love",
          "template": "enchanted:recipe/kettle"
        }
      ]
    }
  ],
  "title": "Brew of Love"
}