{
  "assigned_items": [
    "enchanted:brew_of_the_depths"
  ],
  "icon": {
    "count": 1,
    "id": "enchanted:brew_of_the_depths"
  },
  "pages": [
    {
      "components": [
        {
          "header": "Brew of the Depths",
          "template": "modopedia:page/headered_text",
          "text": "The ability to breathe underwater has fascinated people for millennia. Fortunately, witches have a solution for this.\n\nThe brew of depths grants the ability to breathe underwater for an extended time when ingested."
        }
      ]
    },
    {
      "components": [
        {
          "recipe": "enchanted:kettle/brew_of_the_depths",
          "template": "enchanted:recipe/kettle"
        }
      ]
    }
  ],
  "title": "Brew of the Depths"
}