{
  "assigned_items": [
    "enchanted:brew_of_sprouting"
  ],
  "icon": {
    "count": 1,
    "id": "enchanted:brew_of_sprouting"
  },
  "pages": [
    {
      "components": [
        {
          "header": "Brew of Sprouting",
          "template": "modopedia:page/headered_text",
          "text": "Being able to slow your opponents in combat can be the difference between life and death.\n\nThe brew of sprouting can be used to ensnare mobs and people with roots.\n\n$(b)This feature is coming soon.$(/b)"
        }
      ]
    },
    {
      "components": [
        {
          "recipe": "enchanted:kettle/brew_of_sprouting",
          "template": "enchanted:recipe/kettle"
        }
      ]
    }
  ],
  "title": "Brew of Sprouting"
}