{
  "assigned_items": [
    "enchanted:broom"
  ],
  "icon": {
    "count": 1,
    "id": "enchanted:broom"
  },
  "pages": [
    {
      "components": [
        {
          "header": "Brooms",
          "template": "modopedia:page/headered_text",
          "text": "A broom can be used to sweep chalk away quickly, without having to spend time erasing it.\n\nConveniently, a broom can also make for an excellent method of transportation with some preparation."
        }
      ]
    },
    {
      "components": [
        {
          "recipe": "enchanted:broom",
          "template": "modopedia:page/crafting"
        }
      ]
    }
  ],
  "title": "Brooms"
}