{
  "assigned_items": [
    "enchanted:clay_jar",
    "enchanted:soft_clay_jar"
  ],
  "icon": {
    "count": 1,
    "id": "enchanted:clay_jar"
  },
  "pages": [
    {
      "components": [
        {
          "header": "Clay Jars",
          "template": "modopedia:page/headered_text",
          "text": "A container to hold materials collected during fume extraction or distillation is essential for witches. A simple clay jar works well for this purpose."
        }
      ]
    },
    {
      "components": [
        {
          "type": "modopedia:header",
          "text": "template.modopedia.recipe"
        },
        {
          "type": "modopedia:separator",
          "y": 10
        },
        {
          "recipe": "enchanted:clay_jar",
          "template": "modopedia:recipe/cooking",
          "tooltip": [],
          "y": 30
        },
        {
          "recipe": "enchanted:soft_clay_jar",
          "template": "modopedia:recipe/crafting",
          "y": 70
        }
      ]
    }
  ],
  "title": "Clay Jars"
}