{
  "assigned_items": [
    "enchanted:demonic_blood"
  ],
  "icon": {
    "count": 1,
    "id": "enchanted:demonic_blood"
  },
  "pages": [
    {
      "components": [
        {
          "header": "Demonic Blood",
          "template": "modopedia:page/headered_text",
          "text": "The blood of a demon has many uses in witchcraft. While usually obtained from demons, it can also be refined from several other materials.\n\nIt's main uses are in infusions and curses."
        }
      ]
    },
    {
      "components": [
        {
          "components": [
            {
              "recipe": "enchanted:distilling/diamond_vapour_blaze_rod",
              "template": "enchanted:page/distillery"
            }
          ]
        }
      ]
    }
  ],
  "title": "Demonic Blood"
}