{
  "assigned_items": [
    "enchanted:diamond_vapour"
  ],
  "icon": {
    "count": 1,
    "id": "enchanted:diamond_vapour"
  },
  "pages": [
    {
      "components": [
        {
          "header": "Diamond Vapour",
          "template": "modopedia:page/headered_text",
          "text": "Diamonds, by using oil of vitriol, can be dissolved and then evaporated to form a powerful refining agent.\n\nDiamond vapour is required to distill some other materials."
        }
      ]
    },
    {
      "components": [
        {
          "components": [
            {
              "recipe": "enchanted:distilling/diamond_oil_of_vitriol",
              "template": "enchanted:page/distillery"
            }
          ]
        }
      ]
    }
  ],
  "title": "Diamond Vapour"
}