{
  "assigned_items": [
    "enchanted:drop_of_luck"
  ],
  "icon": {
    "count": 1,
    "id": "enchanted:drop_of_luck"
  },
  "pages": [
    {
      "components": [
        {
          "header": "Drop of Luck",
          "template": "modopedia:page/headered_text",
          "text": "Liquid luck, or drop of luck, is a potion which enhances the luck of anybody who drinks it and can be used in rites or the creation of magical items.\n\nFamously, it's a core ingredient in $(b)$(el:items/redstone_soup)Redstone Soup$()."
        }
      ]
    },
    {
      "components": [
        {
          "recipe": "enchanted:witch_cauldron/drop_of_luck",
          "template": "enchanted:recipe/witch_cauldron"
        }
      ]
    }
  ],
  "title": "Drop of Luck"
}