{
  "assigned_items": [
    "enchanted:earmuffs"
  ],
  "icon": {
    "count": 1,
    "id": "enchanted:earmuffs"
  },
  "pages": [
    {
      "components": [
        {
          "header": "Earmuffs",
          "template": "modopedia:page/headered_text",
          "text": "When dealing with Mandrakes, Banshees and other loud creatures, protection for your ears is essential.\n\n$(b)Earmuffs$(/b) can dampen deafening sounds, rendering them bearable."
        }
      ]
    },
    {
      "components": [
        {
          "recipe": "enchanted:earmuffs",
          "template": "modopedia:page/crafting"
        }
      ]
    }
  ],
  "title": "Earmuffs"
}