{
  "assigned_items": [
    "enchanted:ender_dew"
  ],
  "icon": {
    "count": 1,
    "id": "enchanted:ender_dew"
  },
  "pages": [
    {
      "components": [
        {
          "header": "Ender Dew",
          "template": "modopedia:page/headered_text",
          "text": "Ender pearls, which allow people to teleport, can be distilled into a purer form called Ender Dew.\n\nThis substance contains the relocation properties of ender pearls in a liquid form, making it useful for brewing."
        }
      ]
    },
    {
      "components": [
        {
          "components": [
            {
              "recipe": "enchanted:distilling/ender_pearl",
              "template": "enchanted:page/distillery"
            }
          ]
        }
      ]
    }
  ],
  "title": "Ender Dew"
}