{
  "assigned_items": [
    "enchanted:exhale_of_the_horned_one"
  ],
  "icon": {
    "count": 1,
    "id": "enchanted:exhale_of_the_horned_one"
  },
  "pages": [
    {
      "components": [
        {
          "header": "Horned One's Exhale",
          "template": "modopedia:page/headered_text",
          "text": "The Oak King, one of the aspects of the Horned God, symbolises nature, hunting and the cycle of life.\n\nThe fumes produced by oaks are said to be The Horned God's exhale, carrying some of the properties associated with him."
        }
      ]
    },
    {
      "components": [
        {
          "components": [
            {
              "recipe": "enchanted:byproduct/exhale_of_the_horned_one_oak_sapling",
              "template": "enchanted:page/byproduct"
            }
          ]
        }
      ]
    }
  ],
  "title": "Horned One's Exhale"
}