{
  "assigned_items": [
    "enchanted:flying_ointment"
  ],
  "icon": {
    "count": 1,
    "id": "enchanted:flying_ointment"
  },
  "pages": [
    {
      "components": [
        {
          "header": "Flying Ointment",
          "template": "modopedia:page/headered_text",
          "text": "Flying ointment is a brew which seems to defy gravity; anything imbued with it will gain the property of flight, including people who ingest it.\n\nMost notably, it can be used to $(b)infuse broomsticks$(/b)"
        }
      ]
    },
    {
      "components": [
        {
          "recipe": "enchanted:kettle/flying_ointment",
          "template": "enchanted:recipe/kettle"
        }
      ]
    }
  ],
  "title": "Flying Ointment"
}