{
  "assigned_items": [
    "enchanted:foul_fume"
  ],
  "icon": {
    "count": 1,
    "id": "enchanted:foul_fume"
  },
  "pages": [
    {
      "components": [
        {
          "header": "Foul Fume",
          "template": "modopedia:page/headered_text",
          "text": "A foul smelling smoke containing sulfur, often smelled when encountering demonic beings or the nether.\n\nThere are many plants, foods and other sources containing this gas."
        }
      ]
    },
    {
      "components": [
        {
          "components": [
            {
              "recipe1": "enchanted:byproduct/foul_fume_jungle_sapling",
              "recipe2": "enchanted:byproduct/foul_fume_logs_that_burn",
              "template": "enchanted:page/double_byproduct"
            },
            {
              "recipe": "enchanted:byproduct/foul_fume_raw_foods",
              "template": "enchanted:page/byproduct"
            },
            {
              "recipe": "enchanted:distilling/breath_of_the_goddess_lapis_lazuli",
              "template": "enchanted:page/distillery"
            },
            {
              "recipe": "enchanted:distilling/diamond_vapour_ghast_tear",
              "template": "enchanted:page/distillery"
            }
          ]
        }
      ]
    }
  ],
  "title": "Foul Fume"
}