{
  "assigned_items": [
    "enchanted:golden_chalk"
  ],
  "icon": {
    "count": 1,
    "id": "enchanted:golden_chalk"
  },
  "pages": [
    {
      "components": [
        {
          "header": "Golden Chalk",
          "template": "modopedia:page/headered_text",
          "text": "Chalk is vital for performing circle magic and among chalks golden chalk is the most important.\n\nThe $(b)$(el:circle_magic/tutorial/performing_rites)heart glyph$(/el)$(/b) for $(b)$(cl:circle_magic)circle magic$(/cl)$(/b) is drawn using golden chalk."
        }
      ]
    },
    {
      "components": [
        {
          "recipe": "enchanted:witch_cauldron/golden_chalk",
          "template": "enchanted:recipe/witch_cauldron"
        }
      ]
    }
  ],
  "title": "Golden Chalk"
}