{
  "assigned_items": [
    "enchanted:gypsum"
  ],
  "icon": {
    "count": 1,
    "id": "enchanted:gypsum"
  },
  "pages": [
    {
      "components": [
        {
          "header": "Gypsum",
          "template": "modopedia:page/headered_text",
          "text": "A soft, translucent mineral salt produced by oxidising sulfides in the presence of quicklime.\n\nIn addition to being an effective fertiliser, it is commonly used as a base for ritual chalks."
        }
      ]
    },
    {
      "components": [
        {
          "components": [
            {
              "recipe": "enchanted:distilling/foul_fume_quicklime",
              "template": "enchanted:page/distillery"
            }
          ]
        }
      ]
    }
  ],
  "title": "Gypsum"
}