{
  "assigned_items": [
    "enchanted:happenstance_oil"
  ],
  "icon": {
    "count": 1,
    "id": "enchanted:happenstance_oil"
  },
  "pages": [
    {
      "components": [
        {
          "header": "Happenstance Oil",
          "template": "modopedia:page/headered_text",
          "text": "Clairvoyance is an indispensable tool for a witch in need of information.\n\nHappenstance oil is a key component of crystal balls, and while consuming it is not recommended, it can improve your vision."
        }
      ]
    },
    {
      "components": [
        {
          "recipe": "enchanted:kettle/happenstance_oil",
          "template": "enchanted:recipe/kettle"
        }
      ]
    }
  ],
  "title": "Happenstance Oil"
}