{
  "assigned_items": [
    "enchanted:hint_of_rebirth"
  ],
  "icon": {
    "count": 1,
    "id": "enchanted:hint_of_rebirth"
  },
  "pages": [
    {
      "components": [
        {
          "header": "Hint of Rebirth",
          "template": "modopedia:page/headered_text",
          "text": "Spruce trees are associated with the birth of the divine child. As such, they are a symbol of rebirth, protection, resilience and endurance.\n\nRegardless, they make good firewood."
        }
      ]
    },
    {
      "components": [
        {
          "components": [
            {
              "recipe": "enchanted:byproduct/hint_of_rebirth_spruce_sapling",
              "template": "enchanted:page/byproduct"
            }
          ]
        }
      ]
    }
  ],
  "title": "Hint of Rebirth"
}