{
  "assigned_items": [
    "enchanted:mutandis"
  ],
  "icon": {
    "count": 1,
    "id": "enchanted:mutandis"
  },
  "pages": [
    {
      "components": [
        {
          "header": "Mutandis",
          "template": "modopedia:page/headered_text",
          "text": "Mutandis is used to mutate plants into other species you could not normally obtain.\n\nUsing this substance on a block can cause it to $(b)$(el:herbology/mutations)mutate$(/el)$(/b) into a different block under the right conditions."
        }
      ]
    },
    {
      "components": [
        {
          "recipe": "enchanted:witch_cauldron/mutandis",
          "template": "enchanted:recipe/witch_cauldron"
        }
      ]
    }
  ],
  "title": "Mutandis"
}