{
  "assigned_items": [
    "enchanted:mutandis_extremis"
  ],
  "icon": {
    "count": 1,
    "id": "enchanted:mutandis_extremis"
  },
  "pages": [
    {
      "components": [
        {
          "header": "Mutandis Extremis",
          "template": "modopedia:page/headered_text",
          "text": "Mutandis Extremis, an enhanced form of $(b)$(el:items/mutandis)mutandis$(/el)$(/b), performs a very similar function.\n\nExtremis is able to create more advanced $(b)$(el:herbology/mutations)mutations$(/el)$(/b) such as $(b)$(el:blocks/blood_poppy)Blood Poppies$(/el)$(/b)."
        }
      ]
    },
    {
      "components": [
        {
          "recipe": "enchanted:witch_cauldron/mutandis_extremis",
          "template": "enchanted:recipe/witch_cauldron"
        }
      ]
    }
  ],
  "title": "Mutandis Extremis"
}