{
  "assigned_items": [
    "enchanted:mystic_unguent"
  ],
  "icon": {
    "count": 1,
    "id": "enchanted:mystic_unguent"
  },
  "pages": [
    {
      "components": [
        {
          "header": "Mystic Unguent",
          "template": "modopedia:page/headered_text",
          "text": "Mystic Unguent is a curious concoction which allows a witch to give physical form to thoughts.\n\nIt's main use is in the production of mystic branches, consuming this brew is not recommended."
        }
      ]
    },
    {
      "components": [
        {
          "recipe": "enchanted:kettle/mystic_unguent",
          "template": "enchanted:recipe/kettle"
        }
      ]
    }
  ],
  "title": "Mystic Unguent"
}