{
  "assigned_items": [
    "enchanted:nether_chalk"
  ],
  "icon": {
    "count": 1,
    "id": "enchanted:nether_chalk"
  },
  "pages": [
    {
      "components": [
        {
          "header": "Infernal Chalk",
          "template": "modopedia:page/headered_text",
          "text": "Infusing chalk with blaze powder binds it to the nether and enables it to better conduct heat.\n\nInfernal chalk is used for many rites involving the nether, demonic beings or fire."
        }
      ]
    },
    {
      "components": [
        {
          "recipe": "enchanted:witch_cauldron/nether_chalk",
          "template": "enchanted:recipe/witch_cauldron"
        }
      ]
    }
  ],
  "title": "Infernal Chalk"
}