{
  "assigned_items": [
    "enchanted:odour_of_purity"
  ],
  "icon": {
    "count": 1,
    "id": "enchanted:odour_of_purity"
  },
  "pages": [
    {
      "components": [
        {
          "header": "Odour of Purity",
          "template": "modopedia:page/headered_text",
          "text": "Hawthorn can be used to collect a powerful purifying agent called Odour of Purity, which is used in the creation of most pure substances.\n\nThis tree is sacred to the Goddesses Aine and Brigid."
        }
      ]
    },
    {
      "components": [
        {
          "components": [
            {
              "recipe": "enchanted:byproduct/odour_of_purity_hawthorn_sapling",
              "template": "enchanted:page/byproduct"
            },
            {
              "recipe": "enchanted:distilling/diamond_oil_of_vitriol",
              "template": "enchanted:page/distillery"
            },
            {
              "recipe": "enchanted:distilling/diamond_vapour_ghast_tear",
              "template": "enchanted:page/distillery"
            }
          ]
        }
      ]
    }
  ],
  "title": "Odour of Purity"
}