{
  "assigned_items": [
    "enchanted:oil_of_vitriol"
  ],
  "icon": {
    "count": 1,
    "id": "enchanted:oil_of_vitriol"
  },
  "pages": [
    {
      "components": [
        {
          "header": "Oil of Vitriol",
          "template": "modopedia:page/headered_text",
          "text": "A clear, slightly yellowed liquid which seems to react to living matter with vitriol, leaving them burned and blackened.\n\nOil of vitriol dissolves most substances it comes into contact with."
        }
      ]
    },
    {
      "components": [
        {
          "components": [
            {
              "recipe": "enchanted:distilling/foul_fume_quicklime",
              "template": "enchanted:page/distillery"
            }
          ]
        }
      ]
    }
  ],
  "title": "Oil of Vitriol"
}