{
  "assigned_items": [
    "enchanted:otherwhere_chalk"
  ],
  "icon": {
    "count": 1,
    "id": "enchanted:otherwhere_chalk"
  },
  "pages": [
    {
      "components": [
        {
          "header": "Otherwhere Chalk",
          "template": "modopedia:page/headered_text",
          "text": "Materials from the end can be infused into chalk to create a rich, purple chalk with special properties.\n\nTypically, otherwhere chalk is used in circle magic rites involving teleportation, transposition, relocation or the end."
        }
      ]
    },
    {
      "components": [
        {
          "recipe": "enchanted:witch_cauldron/otherwhere_chalk",
          "template": "enchanted:recipe/witch_cauldron"
        }
      ]
    }
  ],
  "title": "Otherwhere Chalk"
}