{
  "assigned_items": [
    "enchanted:redstone_soup"
  ],
  "icon": {
    "count": 1,
    "id": "enchanted:redstone_soup"
  },
  "pages": [
    {
      "components": [
        {
          "header": "Redstone Soup",
          "template": "modopedia:page/headered_text",
          "text": "Redstone Soup primarily acts as a base for other infusions and brews, it has very few reported effects outside of this.\n\nIngesting redstone soup can increase your health for a short time."
        }
      ]
    },
    {
      "components": [
        {
          "recipe": "enchanted:kettle/redstone_soup",
          "template": "enchanted:recipe/kettle"
        }
      ]
    }
  ],
  "title": "Redstone Soup"
}