{
  "assigned_items": [
    "enchanted:reek_of_misfortune"
  ],
  "icon": {
    "count": 1,
    "id": "enchanted:reek_of_misfortune"
  },
  "pages": [
    {
      "components": [
        {
          "header": "Reek of Misfortune",
          "template": "modopedia:page/headered_text",
          "text": "The sacred alder tree appears to bleed when cut, bringing misfortune to all. It is thought that the tree contains the souls of our ancestors.\n\nThe fumes produced from burning it can be collected, keeping these effects."
        }
      ]
    },
    {
      "components": [
        {
          "components": [
            {
              "recipe": "enchanted:byproduct/reek_of_misfortune_alder_sapling",
              "template": "enchanted:page/byproduct"
            },
            {
              "recipe": "enchanted:distilling/diamond_vapour_ghast_tear",
              "template": "enchanted:page/distillery"
            },
            {
              "recipe": "enchanted:distilling/ender_pearl",
              "template": "enchanted:page/distillery"
            }
          ]
        }
      ]
    }
  ],
  "title": "Reek of Misfortune"
}