{
  "assigned_items": [
    "enchanted:refined_evil"
  ],
  "icon": {
    "count": 1,
    "id": "enchanted:refined_evil"
  },
  "pages": [
    {
      "components": [
        {
          "header": "Refined Evil",
          "template": "modopedia:page/headered_text",
          "text": "Pure, condensed evil refined using diamond vapour.\n\nRefined Evil is primarily used for brewing, but also has some uses in demonology."
        }
      ]
    },
    {
      "components": [
        {
          "components": [
            {
              "recipe": "enchanted:distilling/diamond_vapour_ghast_tear",
              "template": "enchanted:page/distillery"
            }
          ]
        }
      ]
    }
  ],
  "title": "Refined Evil"
}