{
  "assigned_items": [
    "enchanted:soul_of_the_world"
  ],
  "icon": {
    "count": 1,
    "id": "enchanted:soul_of_the_world"
  },
  "pages": [
    {
      "components": [
        {
          "header": "Soul of the World",
          "template": "modopedia:page/headered_text",
          "text": "Soul of the World is a derivation of $(b)$(el:items/redstone_soup)redstone soup$(/el)$(/b) imbued with natural energy. It can be used to infuse energy into a person to grant them special abilities.\n\nThis brew is extremely toxic and should not be ingested."
        }
      ]
    },
    {
      "components": [
        {
          "recipe": "enchanted:kettle/soul_of_the_world",
          "template": "enchanted:recipe/kettle"
        }
      ]
    }
  ],
  "title": "Soul of the World"
}