{
  "assigned_items": [
    "enchanted:spirit_of_otherwhere"
  ],
  "icon": {
    "count": 1,
    "id": "enchanted:spirit_of_otherwhere"
  },
  "pages": [
    {
      "components": [
        {
          "header": "Spirit of Otherwhere",
          "template": "modopedia:page/headered_text",
          "text": "Similar to $(b)$(el:items/soul_of_the_world)soul of the world$(/el)$(/b), spirit of otherwhere is a derivation of $(b)$(el:items/redstone_soup)redstone soup$(/el)$(/b) imbued with the same properties as the End and its inhabitants.\n\nThis infusion is extremely toxic and should not be ingested."
        }
      ]
    },
    {
      "components": [
        {
          "recipe": "enchanted:kettle/spirit_of_otherwhere",
          "template": "enchanted:recipe/kettle"
        }
      ]
    }
  ],
  "title": "Spirit of Otherwhere"
}