{
  "assigned_items": [
    "enchanted:taglock",
    "enchanted:taglock_kit"
  ],
  "icon": {
    "count": 1,
    "id": "enchanted:taglock"
  },
  "pages": [
    {
      "components": [
        {
          "header": "Taglocks",
          "template": "modopedia:page/headered_text",
          "text": "Sometimes, you may need to represent another person to perform magic. This can be achieved using a $(b)taglock kit$(/b)\n\nBy using a taglock kit on a Player or their bed, you can collect a sample to use in magic."
        }
      ]
    },
    {
      "components": [
        {
          "recipe": "enchanted:taglock_kit",
          "template": "modopedia:page/crafting"
        }
      ]
    }
  ],
  "title": "Taglocks"
}