{
  "assigned_items": [
    "enchanted:tear_of_the_goddess"
  ],
  "icon": {
    "count": 1,
    "id": "enchanted:tear_of_the_goddess"
  },
  "pages": [
    {
      "components": [
        {
          "header": "Tear of the Goddess",
          "template": "modopedia:page/headered_text",
          "text": "Lapis Lazuli is a gemstone which brings wisdom, truth, loyalty and honour.\n\nCombining Lapis with the White Goddess's power amplifies it's effects."
        }
      ]
    },
    {
      "components": [
        {
          "components": [
            {
              "recipe": "enchanted:distilling/breath_of_the_goddess_lapis_lazuli",
              "template": "enchanted:page/distillery"
            }
          ]
        }
      ]
    }
  ],
  "title": "Tear of the Goddess"
}