{
  "assigned_items": [
    "enchanted:whiff_of_magic"
  ],
  "icon": {
    "count": 1,
    "id": "enchanted:whiff_of_magic"
  },
  "pages": [
    {
      "components": [
        {
          "header": "Whiff of Magic",
          "template": "modopedia:page/headered_text",
          "text": "Rowan wood is famous for it's unparalleled affinity for magic\n\nThe smoke it produces can be condensed into pure magical energy thought to provide protection against malevolent beings."
        }
      ]
    },
    {
      "components": [
        {
          "components": [
            {
              "recipe": "enchanted:byproduct/whiff_of_magic_rowan_sapling",
              "template": "enchanted:page/byproduct"
            },
            {
              "recipe": "enchanted:distilling/ender_pearl",
              "template": "enchanted:page/distillery"
            },
            {
              "recipe": "enchanted:distilling/breath_of_the_goddess_lapis_lazuli",
              "template": "enchanted:page/distillery"
            }
          ]
        }
      ]
    }
  ],
  "title": "Whiff of Magic"
}