{
  "name": "Обновления",
  "icon": "bloodmagic:mastercore",
  "category": "bloodmagic:demon_will/item_routing",
  "pages":[
    {
      "type": "patchouli:text",
      "text": "В настоящее время доступно только одно $(thing)Обновление$() для маршрутной сети. $(br2)$(item)Обновление логики маршрутизации$() увеличивает общее количество элементов, передаваемых за одну операцию. (в настоящее время один раз в секунду). По умолчанию сеть передает 16 предметов за раз, но каждая из этих операций увеличивает это значение на 8."
    },
    {
      "type": "bloodmagic:crafting_soulforge",
      "heading": "Обновление логики маршрутизации",
      "recipe": "bloodmagic:soulforge/master_node_upgrade",
      "text": "Эти обновления суммируются до 16, что позволяет передавать 144 предмета в секунду. Обратите внимание, что этот показатель может быть разделен на несколько групп, если необходимо передать сразу много разных предметов."
    }
  ]
}
