{
  "name": "Разумные инструменты",
  "icon": "bloodmagic:soulpickaxe",
  "category": "bloodmagic:demon_will/demonic_items",
  "pages": [
    {
      "type": "text",
      "text": "$(l:bloodmagic:demon_will/demonic_items/sentient_sword)Разумный меч$() оказался оглушительным успехом. Вы задаетесь вопросом, как другие инструменты могут реагировать на подобные манипуляции... $(br) Обратите внимание, что эти инструменты, как и $(l:bloodmagic:demon_will/demonic_items/sentient_sword)разумный меч$(), могут быть починены с помощью $(l:bloodmagic:demon_will/will_manipulation/crystallized_will)кристализированной воли$() в наковальне. $(br)Мы упоминали, что разумные инструменты и меч можно зачаровывать?"
    },
    {
      "type": "crafting_soulforge",
      "heading": "Разумная кирка",
      "recipe": "bloodmagic:soulforge/sentientpickaxe",
      "text": "Эта кирка напитывается волей, и с легкостью разрушает камень. Без воли, она лишь немного лучше, чем $(item)железная кирка$() из которой она сделана; Однако при достаточно полном $(l:bloodmagic:demon_will/will_manipulation/soul_gem)камне душ$(), вы заметите, что он превосходит даже $(item)незеритовую кирку$()."
    },
    {
      "type": "text",
      "text": "$(item)Разумная коса$() немного отличается от своего железного аналога. Наполнение его волей превратило его в грозное оружие. Несмотря на то, что коса медлительна и не такой мощная, как другие виды оружия, её сильные удары наносят полный урон всем врагам в радиусе действия, что делает её отличным выбором для контроля толпы."
    },
    {
      "type": "crafting_soulforge",
      "heading": "Разумная коса",
      "recipe": "bloodmagic:soulforge/sentientscythe",
      "text": "Как и в случае с киркой, без воли, ваша коса, будет сравнительно слабая и громоздкая; Однако при достаточно полном $(l:bloodmagic:demon_will/will_manipulation/soul_gem)камне душ$(), вы увидите, что она станет разрушительным инструментом. $(br)Мы упоминали, что коса по-прежнему работает как мотыга?"
    },
    {
      "type": "text",
      "text": "Как и $(item)разумная кирка$(), $(item)разумный топор$() заметно лучше по сравнению с его железным аналогом. Кроме того, он значительно увеличивает наносимый им урон, что делает его устрашающим оружием для тех, кто не против его громоздкости."
    },
    {
      "type": "crafting_soulforge",
      "heading": "Разумный топор",
      "recipe": "bloodmagic:soulforge/sentientaxe",
      "text": "Как и в случае с киркой, без воли топор лишь немного лучше $(item)железный топора$() из которого он сделан; Однако при достаточно полном $(l:bloodmagic:demon_will/will_manipulation/soul_gem)камне душ$(), вы увидите, что он превосходит даже $(item)незеритовый топор$()."
    },
        {
      "type": "text",
      "text": "Точно как и $(item)разумная кирка$(), $(item)разумная лопата$() значительно лучше по сравнению с железным аналогом, даже без $(l:bloodmagic:demon_will/will_manipulation/demon_will)воли демона$() наполняещей её."
    },
    {
      "type": "crafting_soulforge",
      "heading": "Разумная лопата",
      "recipe": "bloodmagic:soulforge/sentientshovel",
      "text": "Как и в случае с киркой, без воли лопата лишь немного лучше $(item)железной лопаты$() из которой она сделана; Однако при достаточно полном $(l:bloodmagic:demon_will/will_manipulation/soul_gem)камне душ$(), вы увидите, что она превосходит даже $(item)незеритовую лопату$()."
    }
  ]
}
