{
  "name": "Железный наконечник",
  "icon": "bloodmagic:bow_power_anointment",
  "category": "bloodmagic:alchemy_table/anointments",
  "pages": [
    {
      "type": "crafting_alchemy_table",
      "heading": "Железный наконечник",
      "recipe": "bloodmagic:alchemytable/bow_power_anointment",
      "text": "Увеличивает урон выпущенных стрел на 25%. Также сочетается с ванильными зачарованиями. $(br2)Поддерживается предметами: луки, арбалеты.$(br2)Применяется: Сильный выстрел I (256 выстрелов)"
    },
    {
      "type": "crafting_alchemy_table",
      "heading": "Железный наконечник L",
      "recipe": "bloodmagic:alchemytable/bow_power_anointment_l",
      "text": "Эта улучшенная версия масла действует в четыре раза дольше. $(br2)Применяется: Сильный выстрел I (1024 выстрелов)"
    },
    {
      "type": "crafting_alchemy_table",
      "heading": "Железный наконечник II",
      "recipe": "bloodmagic:alchemytable/bow_power_anointment_2",
      "text": "Эта улучшенная версия масла увеличивает урон на 50%. $(br2)Применяется: Сильный выстрел II (256 выстрелов)"
    }
  ]
}