{
  "name": "Секреты шахтёра",
  "icon": "bloodmagic:hidden_knowledge_anointment",
  "category": "bloodmagic:alchemy_table/anointments",
  "pages": [
    {
      "type": "crafting_alchemy_table",
      "heading": "Секреты шахтёра",
      "recipe": "bloodmagic:alchemytable/hidden_knowledge_anointment",
      "text": "Блоки выбрасывают опыт при успешной добыче. Выпадает +2exp за блок. $(br2)Поддерживается предметами: инструменты, мечи, заряды.$(br2)Применяется: Секреты шахтёра I (256 блоков)"
    },
    {
      "type": "crafting_alchemy_table",
      "heading": "Секреты шахтёра L",
      "recipe": "bloodmagic:alchemytable/hidden_knowledge_anointment_l",
      "text": "Эта улучшенная версия масла действует в четыре раза дольше. $(br2)Применяется: Секреты шахтёра I (1024 блоков)"
    },
    {
      "type": "crafting_alchemy_table",
      "heading": "Секреты шахтёра II",
      "recipe": "bloodmagic:alchemytable/hidden_knowledge_anointment_2",
      "text": "Эта улучшенная версия масла увеличивает добычу опыта. $(br2)Применяется: Секреты шахтёра II (256 блоков)"
    }
  ]
}