{
  "name": "Восстанавливающая мазь",
  "icon": "bloodmagic:weapon_repair_anointment",
  "category": "bloodmagic:alchemy_table/anointments",
  "pages": [
    {
      "type": "bloodmagic:crafting_alchemy_table",
      "heading": "Восстанавливающая мазь",
      "recipe": "bloodmagic:alchemytable/weapon_repair_anointment",
      "text": "Восстанавливает поврежденные инструменты на единицу при их использовании. $(br2) Возможные предметы: Инструменты, Мечи.$(br2) Применение: Регулярное техобслуживание I (256 блоков)"
    },
    {
      "type": "bloodmagic:crafting_alchemy_table",
      "heading": "Восстанавливающая мазь L",
      "recipe": "bloodmagic:alchemytable/weapon_repair_anointment_l",
      "text": "Эта модернизированная версия действует в четыре раза дольше. $(br2)Применение: Регулярное техобслуживание I (1024 blocks)"
    },
    {
      "type": "bloodmagic:crafting_alchemy_table",
      "heading": "Восстанавливающая мазь II",
      "recipe": "bloodmagic:alchemytable/weapon_repair_anointment_2",
      "text": "Эта модернизированная версия восстанавливает инструмент на 2 единицы за повреждение. Не активируется, если это приведет к потере бонуса ремонта. $(br2) Применение: Регулярное техобслуживание II (256 блоков)"
    },
    {
      "type": "bloodmagic:crafting_alchemy_table",
      "heading": "Восстанавливающая мазь XL",
      "recipe": "bloodmagic:alchemytable/weapon_repair_anointment_xl",
      "text": "Эта модернизированная версия действует в шестнадцать раз дольше. $(br2) Применение: Регулярное техобслуживание I (4096 блоков)"
    },
    {
      "type": "bloodmagic:crafting_alchemy_table",
      "heading": "Восстанавливающая мазь III",
      "recipe": "bloodmagic:alchemytable/weapon_repair_anointment_3",
      "text": "Эта модернизированная версия восстанавливает инструмент на 3 единицы за повреждение. Не активируется, если это приведет к потере бонуса ремонта. $(br2) Применение: Регулярное техобслуживание III (256 блоков)"
    }
  ]
}