{
  "name": "Энергетические карты",
  "sortnum": 3,
  "category": "laserio:cards",
  "icon": "laserio:card_energy",
  "pages": [
    {
      "type": "patchouli:text",
      "text": "Энергетические карты используются для передачи энергии между машинами и батареями.$(br2)Энергетические карты имеют несколько отличий от других карт, которые будут описаны на следующих страницах."
    },
    {
      "type": "patchouli:text",
      "text": "В отличие от предметных/жидкостных карт, которые требуют ускорителей для работы быстрее, чем раз в 20 тиков, энергетические карты могут работать каждый тик по умолчанию.$(br2)Максимальные значения FE/T для ускорителей:$(br)$(li)0 ускорителей: 1,000fe/t$(li)1 ускоритель:  4,000fe/t$(li)2 ускорителя: 16,000fe/t$(li)3 ускорителя: 32,000fe/t$(li)4 ускорителя: 100,000fe/t"
    },
    {
      "type": "patchouli:text",
      "text": "Энергетические карты также имеют настройку  «Лимит энергии %» — по умолчанию в режимах ввода/резервации это 100%, а в режимах вывода — 0%. В режимах ввода/резервации это указывает, насколько заполнять указанный приёмник энергии. $(br2)Например: Если блок может хранить 1,000,000 FE, и вы указали 50%, он заполнится только до 500,000FE."
    },
    {
      "type": "patchouli:text",
      "text": "В режиме вывода лимит указывает, какой процент должен остаться.$(br2)Например: Если вы выводите FE из энергоячейки, которая может хранить 1,000,000FE, и указали лимит 25%, она не будет выводить энергию ниже 250,000 FE."
    },
    {
      "type": "patchouli:text",
      "text": "Техническое примечание: Система Forge Energy поддерживает хранение энергии до MAX_INT, что составляет примерно 2.14 миллиарда FE. Если вы используете моды, как например Draconic Evolution или Mekanism, их хранилища могут хранить энергию больше этого количества, «обходя» работу Forge Energy. В результате, % лимита не будет работать на хранилищах больше 2.14 миллиарда FE. Извините! :)"
    },
    {
      "type": "patchouli:crafting",
      "title": "Энергетическая карта",
      "recipe": "laserio:card_energy"
    }
  ]
}