{
  "name": "Размер передачи",
  "sortnum": 7,
  "category": "laserio:mechanics",
  "icon": "laserio:textures/gui/buttons/modeextractor.png",
  "pages": [
    {
      "type": "patchouli:text",
      "text": "Размер передачи доступен только в режимах вывода и резервации.$(br2)Эта настройка определяет, сколько предметов (или сколько жидкости/энергии) выводится за одну операцию.$(br2)Например, если установлено 8 предметов за 20 тиков, карта вывода будет выводить 8 предметов каждые 20 тиков."
    },
    {
      "type": "patchouli:text",
      "text": "Карты вывода и резервации имеют размер 1 по умолчанию и максимальное значение 8, если не установлены $(l:laserio:overclocker_card)ускорители карт$(/l). Следующие значения вывода доступны с указанным количеством ускорителей:$(br)1. 16$(br)2. 32$(br)3. 48$(br)4. 64$(br2)Если вы хотите выводить 64 предмета за раз, вам нужно установить 4 ускорителя."
    },
    {
      "type": "patchouli:text",
      "text": "Вы можете щёлкать по этому значению, чтобы менять его:$(br)1. ЛКМ — +1$(br)2. ПКМ — -1$(br)3. Shift+ — шаг 10$(br)4. Ctrl+ — шаг 64.$(br)5. Ctrl+Shift+ — шаг 640$(br2)Таким образом, для примера, нажатие Ctrl+Shift+ПКМ уменьшит значение на 640."
    }
  ]
}