{
  "name": "Фильтр модов",
  "sortnum": 3,
  "category": "laserio:filters",
  "icon": "laserio:filter_mod",
  "pages": [
    {
      "type": "patchouli:text",
      "text": "Фильтр модов сортирует предметы и блоки по их принадлежности к определённому моду. Например, если вы поместите  «Лазерный гаечный ключ» в фильтр, все предметы и блоки из LaserIO будут соответствовать этому фильтру."
    }
  ]
}