{
  "name": "Базовый фильтр",
  "sortnum": 1,
  "category": "laserio:filters",
  "icon": "laserio:filter_basic",
  "pages": [
    {
      "type": "patchouli:text",
      "text": "Базовый фильтр может использоваться для ограничения того, какие предметы разрешены в инвентаре.$(br2)Эти слоты являются «призрачными слотами», что означает, что они не хранят предметы, а только их изображение."
    },
    {
      "type": "patchouli:text",
      "text": "Если установлен JEI, вы можете перетаскивать предметы из JEI в эти «призрачные слоты». Просто нажмите ЛКМ и перетащите из JEI в интерфейс фильтра."
    }
  ]
}