{
  "name": "Продвинутый соединитель",
  "icon": "laserio:laser_connector_advanced",
  "sortnum": 2,
  "category": "laserio:blocks",
  "pages": [
    {
      "type": "patchouli:text",
      "text": "Продвинутые лазерные соединители работают так же, как и $(l:laserio:laser_connector)Лазерные соединители$(/l), соединяясь с другими (обычными) соединителями и узлами на расстоянии до 8 блоков. $(br2)Они могут быть соединены только с одним другим продвинутым соединителем, образуя пару. Дальность соединения между продвинутыми соединителями бесконечна — включая соединение между измерениями!"
    },
    {
      "type": "patchouli:image",
      "title": "Продвинутый соединитель",
      "images": [
        "laserio:textures/book/entries/laser_connector_advanced1.png"
      ],
      "border": true,
      "text": "Два продвинутых соединителя, соединённых друг с другом"
    },
    {
      "type": "patchouli:text",
      "text": "Если продвинутый соединитель уже имеет пару, и вы попытаетесь соединить его с новым соединителем, первоначальное соединение будет разорвано для установления нового. $(br2)Если смотреть на блок с $(l:laserio:laser_wrench)лазерным гаечным ключом$(/l) в руке, вы увидите координаты партнёрского блока. Как легко рушатся и строятся отношения!"
    },
    {
      "type": "patchouli:image",
      "title": "Координаты пары",
      "images": [
        "laserio:textures/book/entries/laser_connector_advanced2.png"
      ],
      "border": true,
      "text": "Показ координат соединителя-пары"
    },
    {
      "type": "patchouli:text",
      "text": "Продвинутые лазерные соединители НЕ загружают чанки за вас. Вы сами отвечаете за загрузку всех чанков! Узлы в незагруженных чанках не будут работать."
    },
    {
      "type": "patchouli:crafting",
      "title": "Продвинутый лазерный соединитель",
      "recipe": "laserio:laser_connector_advanced"
    }
  ]
}