{
  "name": "Лазерный соединитель",
  "icon": "laserio:laser_connector",
  "sortnum": 1,
  "category": "laserio:blocks",
  "pages": [
    {
      "type": "patchouli:text",
      "text": "Несколько $(l:laserio:laser_node)лазерных узлов$(/l) могут быть соединены напрямую друг с другом с помощью $(l:laserio:laser_wrench)лазерного гаечного ключа$(/l), однако максимальная дальность составляет 8 блоков. $(br2)Лазерные соединители могут служить более дешёвой промежуточной точкой между узлами, позволяя создавать сеть взаимосвязанных инвентарей."
    },
    {
      "type": "patchouli:image",
      "title": "Лазерный узел",
      "images": [
        "laserio:textures/book/entries/laser_connector1.png"
      ],
      "border": true,
      "text": "Соединитель между двумя узлами"
    },
    {
      "type": "patchouli:crafting",
      "title": "Лазерный соединитель",
      "recipe": "laserio:laser_connector"
    }
  ]
}