{
  "name": "Лимит",
  "sortnum": 10,
  "category": "laserio:mechanics",
  "icon": "laserio:card_energy",
  "pages": [
    {
      "type": "patchouli:text",
      "text": "Лимит % существует только для энергетических карт. Лимит % указывает процент FE, с которым работать на соседнем блоке, принимающем энергию.$(br2)Есть два разных параметра: Лимит ввода для режимов резервации/ввода и Лимит вывода для режима вывода."
    },
    {
      "type": "patchouli:text",
      "text": "$(l)Лимит ввода/резервации$()$(br2)По умолчанию лимит% установлен на 100%. Указывает, насколько заполнять указанный энергетический блок.$(br2)Например: Если блок может хранить 1,000,000 FE, и вы указали 50%, он заполнится только до 500,000FE.$(br2)По умолчанию (100%) блок будет заполнен полностью."
    },
    {
      "type": "patchouli:text",
      "text": "$(l)Лимит вывода$()$(br2)По умолчанию лимит% установлен на 0%. Указывает, сколько оставить в указанном энергетическом блоке.$(br2)Например: Если блок может хранить 1,000,000 FE, и вы указали 50%, он будет выводить энергию, пока в блоке не останется 500,000 FE, и не будет извлекать больше.$(br2)Со значением по умолчанию (0%), будет извлечена вся энергия."
    }
  ]
}