{
  "name": "Ускоритель узлов",
  "icon": "laserio:overclocker_node",
  "sortnum": 3,
  "category": "laserio:items",
  "pages": [
    {
      "type": "patchouli:text",
      "text": "Ускорители узлов — это более сложный компонент.$(br2)Каждый $(l:laserio:laser_node)узел$(/l) может обрабатывать только 1 карту на сторону за тик. $(br2)Если на стороне узла находятся 3 карты извлечения, только первая будет работать в течение игрового тика, а вторая будет работать только если первая не смогла ничего сделать."
    },
    {
      "type": "patchouli:image",
      "title": "Без ускорителей узлов",
      "images": [
        "laserio:textures/book/entries/overclocker_node1.png"
      ],
      "border": true,
      "text": "Ускорители узлов не установлены"
    },
    {
      "type": "patchouli:text",
      "text": "Каждый ускоритель узлов, установленный на стороне узла, позволяет этой стороне обрабатывать больше карт за тик. Всего можно установить 8 ускорителей узлов, что позволяет обрабатывать все 9 узлов. $(br2)Карты ввода $(l)$(#ff0000)НЕ$() нуждаются в ускорителях для работы, $(l)ТОЛЬКО$() карты вывода и резервации нуждаются в них."
    },
    {
      "type": "patchouli:image",
      "title": "2 ускорителя узлов",
      "images": [
        "laserio:textures/book/entries/overclocker_node2.png"
      ],
      "border": true,
      "text": "Установлено два ускорителя узлов"
    },
    {
      "type": "patchouli:crafting",
      "title": "Ускоритель узлов",
      "recipe": "laserio:overclocker_node"
    }
  ]
}