{
  "name": "Приоритет",
  "sortnum": 3,
  "category": "laserio:mechanics",
  "icon": "laserio:textures/gui/buttons/modeinserter.png",
  "pages": [
    {
      "type": "patchouli:text",
      "text": "Приоритет доступен только в режиме ввода.$(br2)Приоритет позволяет контролировать порядок, в котором работают карты ввода. По умолчанию карты ввода работают в режиме «ближайший первый», что означает, что карты в режиме вывода пытаются выводить в ближайший инвентарь первым."
    },
    {
      "type": "patchouli:text",
      "text": "Изменяя настройку приоритета карты ввода, вы можете указать, в какой инвентарь следует вводить первым. Карта с наивысшим приоритетом будет первой в списке. Пример приоритета от высшего к низшему: 10 > 0 > -10. $(br2)Если несколько инвентарей имеют одинаковый приоритет, они будут обрабатываться по принципу «ближайший первый»."
    },
    {
      "type": "patchouli:text",
      "text": "Вы можете щёлкать по этому значению, чтобы менять его:$(br)1. ЛКМ — +1$(br)2. ПКМ — -1$(br)3. Shift+ — шаг 10$(br)4. Ctrl+ — шаг 64.$(br)5. Ctrl+Shift+ — шаг 640$(br2)Таким образом, для примера, нажатие Ctrl+Shift+ПКМ уменьшит значение на 640."
    }
  ]
}