{
  "name": "Настройки сети",
  "icon": "laserio:textures/gui/buttons/settings.png",
  "sortnum": 1,
  "category": "laserio:mechanics",
  "pages": [
    {
      "type": "patchouli:text",
      "text": "Экран настроек сети доступен из любого $(l:laserio:laser_node)лазерного узла$(/l). В этом экране настроек вы можете изменить цвет сети. Этот цвет повлияет на:$(li)Блок лазерного узла (в мире)$(li)Блок лазерного соединителя (в мире)$(li)Цвет лазеров между блоками."
    },
    {
      "type": "patchouli:image",
      "title": "Цветные узлы",
      "images": [
        "laserio:textures/book/entries/settings1.png"
      ],
      "border": true,
      "text": "Разные цветные сети"
    },
    {
      "type": "patchouli:text",
      "text": "Цвет лазеров между узлом и инвентарями (например, сундуками или баками) не изменится.$(br2)Изменение настроек узла в сети автоматически распространится на все остальные узлы в той же сети. Таким образом, вы можете иметь разные цветные сети по всему миру!$(br2)Это чисто косметическая функция и не влияет на функциональность."
    },
    {
      "type": "patchouli:text",
      "text": "При добавлении узла или сети к другой сети применяются следующие правила:$(br2)Если один из узлов/сетей имеет настройку цвета, а другой — по умолчанию, настройка по умолчанию всегда будет перезаписана.$(br2)В противном случае выделенный блок передаст свои настройки тому, на который вы кликнете, чтобы соединить их. Например, если вы крадучись щёлкнете на зелёный узел, а затем щёлкнете на синий, синий узел станет зелёным."
    },
    {
      "type": "patchouli:text",
      "text": "Есть две настройки для прозрачности: «Прозрачность» и «Прозрачность с гаечным ключом».$(br2)Прозрачность влияет только на лазеры между любыми двумя блоками и определяет прозрачность этих лазеров. Если установлено значение 0, вы не увидите лазеры между узлами/соединителями.$(br2)Прозрачность с гаечным ключом добавляет эту настройку к лазерам, которые видно когда игрок держит гаечный ключ."
    },
    {
      "type": "patchouli:text",
      "text": "Например, если вы установите прозрачность на 0, а прозрачность с гаечным ключом на 80, вы увидите лазеры только при удерживании гаечного ключа!$(br2)Если вы установите альфу на 80, а прозрачность с гаечным ключом на 200, лазеры будут ярче при удерживании гаечного ключа. Нет проблем в превышении 255 при сложении этих чисел, значение автоматически ограничится на 255."
    }
  ]
}