{
  "name": "Сигил кровавой лампы",
  "icon": "bloodmagic:bloodlightsigil",
  "category": "bloodmagic:alchemy_array/sigil",
  "pages": [
    {
      "type": "text",
      "text": "$(item)Сигил кровавой лампы$() это удобный инструмент для любого шахтера, исследователя подземелий или просто любого игрока, который не любит темные пространства и чувствует, что факелы и светящиеся блоки мешают. При использовании этот сигил оставляет кровавый свет в том направлении, в котором вы смотрите. Когда он попадает в блок, он порождает почти невидимый источник света стоимостью $(blood)10 LP$()."
    },
    {
      "type": "crafting_2-step_sigil",
      "alchemy_table.heading": "Реагент кровавой лампы",
      "alchemy_table.recipe": "bloodmagic:alchemytable/reagent_blood_light",
      "array.heading": "Сигил кровавой лампы",
      "array.recipe": "bloodmagic:array/bloodlightsigil",
      "array.text": "$(italic)Я вижу свет!"
    }
  ]
}
