{
    "name": "Пчела с синими полосками",
    "icon": "productivebees:spawn_egg_blue_banded_bee",
    "read_by_default": true,
    "sortnum": 2,
    "category": "productivebees:bees_solitary",
    "pages": [
        {
            "type": "patchouli:text",
            "title": "Пчела с синими полосками",
            "text": "[Amegilla cingulata]",
            "anchor": "blue_banded"
        },
        {
            "type": "patchouli:entity",
            "entity": "productivebees:blue_banded_bee"
        }
    ]
}