{
    "name": "Кочевая пчела",
    "icon": "productivebees:spawn_egg_nomad_bee",
    "read_by_default": true,
    "sortnum": 10,
    "category": "productivebees:bees_solitary",
    "pages": [
        {
            "type": "patchouli:text",
            "title": "Кочевая пчела",
            "text": "[Nomada marshamella]",
            "anchor": "nomad"
        },
        {
            "type": "patchouli:entity",
            "entity": "productivebees:nomad_bee"
        }
    ]
}