{
    "name": "Смоляная пчела",
    "icon": "productivebees:spawn_egg_resin_bee",
    "read_by_default": true,
    "sortnum": 12,
    "category": "productivebees:bees_solitary",
    "pages": [
        {
            "type": "patchouli:text",
            "title": "Смоляная пчела",
            "text": "[Megachile mystaceana]",
            "anchor": "resin"
        },
        {
            "type": "patchouli:entity",
            "entity": "productivebees:resin_bee"
        }
    ]
}