{
  "name": "Сигил подавления",
  "icon": "bloodmagic:sigilofsuppression",
  "category": "bloodmagic:alchemy_array/sigil",
  "pages": [
    {
      "type": "patchouli:text",
      "text": "$(item)Сигил подавления$(), активируемый нажатием [$(k:use)], временно уничтожает все жидкости в радиусе примерно 6 блоков от своего владельца. Через некоторое время после того, как вы отойдете от данной жидкости, она снова появится, как будто никуда и не исчезала. Хотя это значительно облегчает исследование лавовых океанов ада, тем не менее, остерегайтесь нырять в глубокие бассейны с этим эффектом!"
    },
    {
      "type": "bloodmagic:crafting_2-step_sigil",
      "alchemy_table.heading": "Подавляющий реагент",
      "alchemy_table.recipe": "bloodmagic:alchemytable/reagent_suppression",
      "array.heading": "Сигил подавления",
      "array.recipe": "bloodmagic:array/suppressionsigil",
      "array.text": "$(italic)Лучше, чем сигил пустоты\u00AE!"
    }
  ]
}
