{
  "name": "Тренировочный браслет живой брони",
  "icon": "bloodmagic:upgradetrainer",
  "category": "bloodmagic:alchemy_array/living_equipment",
  "pages": [
    {
      "type": "text",
      "text": "Это новое оборудование — невероятная помощь, но его ненаправленный рост иногда может быть… разочаровывающим. С этой целью вы разработали форму $(item)тренировочного браслета живой брони$() которая поможет вам в ваших начинаниях. После создания простое нажатие [$(k:use)] активирует его меню и позволит вам указать, на каких способностях сосредоточить свое внимание... или каких избегать."
    },
    {
      "type": "crafting_array",
      "heading": "Тренировочный браслет живой брони",
      "recipe": "bloodmagic:array/living_trainer",
      "text": "$(italic)*Вставьте Rocky Training Montage сюда*$()"
    },
    {
      "type": "image",
      "images": [
        "bloodmagic:images/entries/alchemy_array/living_equipment/training_bracelet.png"
      ],
      "title": "Интерфейс браслета",
      "border": false,
      "text": "Меню тренировочного браслета — оно может отслеживать до 16 различных улучшений одновременно."
    },
    {
      "type": "text",
      "text": "Браслет может указать ограничение для любого развития навыка (при условии, что у вас есть копия $(item)тома$()). Например, вы можете указать ему ограничить Сильные ноги уровнем 3 - как только вы достигнете этого уровня, Сильные ноги больше не будет развиваться. Также можно предотвратить или разрешить обучение всем другим навыкам, которые вы не указали. Если вы хотите разрешить все улучшения, кроме одного, вы можете добавить его к браслету в режиме «разрешить другим» и установить его максимальный уровень на 0..."
    }
  ]
}
