{
  "name": "Массивы крафта",
  "icon": "bloodmagic:divinationsigil",
  "category": "bloodmagic:alchemy_array/functional_array",
  "pages": [
    {
      "type": "text",
      "text": "$(1)Алхимические массивы крафта$() — одна из самых простых форм массивов. Эти массивы объединяют $(item)базовый элемент$() и $(item)катализатор$(), превращая их обоих в полезные предметы (после небольшой красивой анимации)."
    },
    {
      "type": "text",
      "text": "В то время как некоторые из предметов могут быть созданы $(l:bloodmagic:alchemy_array/sigil/divination)с использованием очень простых ингредиентов$(/l), другие требуют дополнительных шагов для создания."
    }
  ]
}  
