{
  "name": "Массив шипов",
  "icon": "minecraft:iron_ingot",
  "category": "bloodmagic:alchemy_array/functional_array",
  "pages": [
    {
      "type": "text",
      "text": "Массив шипов — это довольно простой массив с единственной целью. Когда живое существо входит в массив, оно получает большой урон в 1 сердце. Это хорошо для ловушек мобов или для того, чтобы сделать вашу базу немного более опасной для других игроков."
    },
    {
      "type": "functional_array",
      "heading": "Массив шипов",
      "recipe": "bloodmagic:array/spike",
      "image": "spikearray.png"
    }
  ]
}
