{
  "name": "Celestigem Leggings",
  "sortnum": 11,
  "category": "justdirethings:armor",
  "icon": "justdirethings:celestigem_leggings[justdirethings:forge_energy=10000]",
  "pages": [
    {
      "type": "patchouli:text",
      "text": "Celestigem Leggings utilize Forge Energy, boasting a 10,000 FE capacity for enhanced durability. Charge them on the go with a $(l:justdirethings:item_pocket_generator)Pocket Generator$(/l)."
    },
    {
      "type": "patchouli:crafting",
      "title": "Celestigem Leggings Crafting",
      "recipe": "justdirethings:celestigem_leggings"
    }
  ]
}
