{
  "name": "Blazegold Chestplate",
  "sortnum": 6,
  "category": "justdirethings:armor",
  "icon": "justdirethings:blazegold_chestplate",
  "pages": [
    {
      "type": "patchouli:text",
      "text": "The Blazegold Chestplate not only provides enhanced defense but also features the Lava Repair ability. Drop this chestplate into a lava source block to fully repair it."
    },
    {
      "type": "patchouli:crafting",
      "title": "Blazegold Chestplate Crafting",
      "recipe": "justdirethings:blazegold_chestplate"
    }
  ]
}
