{
  "name": "Celestigem Boots",
  "sortnum": 12,
  "category": "justdirethings:armor",
  "icon": "justdirethings:celestigem_boots[justdirethings:forge_energy=10000]",
  "pages": [
    {
      "type": "patchouli:text",
      "text": "Celestigem Boots are powered by Forge Energy with a total capacity of 10,000 FE. For optimal performance, maintain charge via a $(l:justdirethings:item_pocket_generator)Pocket Generator$(/l)."
    },
    {
      "type": "patchouli:crafting",
      "title": "Celestigem Boots Crafting",
      "recipe": "justdirethings:celestigem_boots"
    }
  ]
}
