{
  "name": "Ferricore Chestplate",
  "sortnum": 2,
  "category": "justdirethings:armor",
  "icon": "justdirethings:ferricore_chestplate",
  "pages": [
    {
      "type": "patchouli:text",
      "text": "Offering robust protection, the Ferricore Chestplate is crafted to endure more than standard iron armor. It’s also eligible for special upgrades, enhancing its defensive capabilities."
    },
    {
      "type": "patchouli:crafting",
      "title": "Ferricore Chestplate Crafting",
      "recipe": "justdirethings:ferricore_chestplate"
    }
  ]
}
