{
  "name": "Eclipse Alloy Chestplate",
  "sortnum": 21,
  "category": "justdirethings:armor",
  "icon": "justdirethings:eclipsealloy_chestplate[justdirethings:forge_energy=500000]",
  "pages": [
    {
      "type": "patchouli:text",
      "text": "This top-tier chestplate utilizes 500,000 FE of Forge Energy, offering unprecedented protection. Recharge it regularly with a $(l:justdirethings:item_pocket_generator)Pocket Generator$(/l) to ensure maximum efficiency."
    },
    {
      "type": "patchouli:crafting",
      "title": "Eclipse Alloy Chestplate Crafting",
      "recipe": "justdirethings:eclipsealloy_chestplate"
    }
  ]
}
