{
  "name": "Eclipse Alloy Boots",
  "sortnum": 23,
  "category": "justdirethings:armor",
  "icon": "justdirethings:eclipsealloy_boots[justdirethings:forge_energy=500000]",
  "pages": [
    {
      "type": "patchouli:text",
      "text": "These advanced boots store up to 500,000 FE, providing excellent mobility and energy absorption. Always keep them charged via a $(l:justdirethings:item_pocket_generator)Pocket Generator$(/l) for best results."
    },
    {
      "type": "patchouli:crafting",
      "title": "Eclipse Alloy Boots Crafting",
      "recipe": "justdirethings:eclipsealloy_boots"
    }
  ]
}
