{
  "name": "Ferricore Boots",
  "sortnum": 4,
  "category": "justdirethings:armor",
  "icon": "justdirethings:ferricore_boots",
  "pages": [
    {
      "type": "patchouli:text",
      "text": "The Ferricore Boots are crafted for adventurers, providing slightly more protection and durability than iron boots. They can be upgraded to offer enhanced abilities like increased jumping."
    },
    {
      "type": "patchouli:crafting",
      "title": "Ferricore Boots Crafting",
      "recipe": "justdirethings:ferricore_boots"
    }
  ]
}
