{
  "name": "Blazegold Boots",
  "sortnum": 8,
  "category": "justdirethings:armor",
  "icon": "justdirethings:blazegold_boots",
  "pages": [
    {
      "type": "patchouli:text",
      "text": "Blazegold Boots provide enhanced foot protection and come with the Lava Repair ability. To fully repair these boots, drop them into a lava source block."
    },
    {
      "type": "patchouli:crafting",
      "title": "Blazegold Boots Crafting",
      "recipe": "justdirethings:blazegold_boots"
    }
  ]
}
