{
  "name": "Ferricore Leggings",
  "sortnum": 3,
  "category": "justdirethings:armor",
  "icon": "justdirethings:ferricore_leggings",
  "pages": [
    {
      "type": "patchouli:text",
      "text": "Designed for both comfort and protection, Ferricore Leggings provide enhanced durability and the option for further upgrades to increase your movement speed."
    },
    {
      "type": "patchouli:crafting",
      "title": "Ferricore Leggings Crafting",
      "recipe": "justdirethings:ferricore_leggings"
    }
  ]
}
