{
  "name": "Eclipse Alloy Helmet",
  "sortnum": 20,
  "category": "justdirethings:armor",
  "icon": "justdirethings:eclipsealloy_helmet[justdirethings:forge_energy=500000]",
  "pages": [
    {
      "type": "patchouli:text",
      "text": "The Eclipse Alloy Helmet is the pinnacle of armor technology, using Forge Energy with a large capacity of 500,000 FE. Remember to keep it charged, ideally with a $(l:justdirethings:item_pocket_generator)Pocket Generator$(/l), to utilize its full potential."
    },
    {
      "type": "patchouli:crafting",
      "title": "Eclipse Alloy Helmet Crafting",
      "recipe": "justdirethings:eclipsealloy_helmet"
    }
  ]
}
