{
  "name": "Celestigem Chestplate",
  "sortnum": 10,
  "category": "justdirethings:armor",
  "icon": "justdirethings:celestigem_chestplate[justdirethings:forge_energy=10000]",
  "pages": [
    {
      "type": "patchouli:text",
      "text": "The Celestigem Chestplate uses Forge Energy for its functionality, equipped with a 10,000 FE capacity. It's ideal to use a $(l:justdirethings:item_pocket_generator)Pocket Generator$(/l) for keeping it continuously charged."
    },
    {
      "type": "patchouli:crafting",
      "title": "Celestigem Chestplate Crafting",
      "recipe": "justdirethings:celestigem_chestplate"
    }
  ]
}
