{
  "name": "Eclipse Alloy Leggings",
  "sortnum": 22,
  "category": "justdirethings:armor",
  "icon": "justdirethings:eclipsealloy_leggings[justdirethings:forge_energy=500000]",
  "pages": [
    {
      "type": "patchouli:text",
      "text": "Crafted for ultimate endurance, these leggings are powered by 500,000 FE of Forge Energy. Use a $(l:justdirethings:item_pocket_generator)Pocket Generator$(/l) to maintain their power levels and functionality."
    },
    {
      "type": "patchouli:crafting",
      "title": "Eclipse Alloy Leggings Crafting",
      "recipe": "justdirethings:eclipsealloy_leggings"
    }
  ]
}
