{
  "name": "Blazegold Helmet",
  "sortnum": 5,
  "category": "justdirethings:armor",
  "icon": "justdirethings:blazegold_helmet",
  "pages": [
    {
      "type": "patchouli:text",
      "text": "The Blazegold Helmet offers superior protection compared to its Ferricore predecessor, enhanced with the unique Lava Repair ability. Drop this item into a lava source block to fully repair it."
    },
    {
      "type": "patchouli:crafting",
      "title": "Blazegold Helmet Crafting",
      "recipe": "justdirethings:blazegold_helmet"
    }
  ]
}
