{
  "name": "Armor Basics",
  "sortnum": 0,
  "category": "justdirethings:armor",
  "icon": "justdirethings:ferricore_chestplate",
  "pages": [
    {
      "type": "patchouli:text",
      "text": "Each of the tiers of resources have an equivalent set of Armor. These armors each have a set of $(l:justdirethings:upgrades)Upgrades$(/l) available to them.$(br2)Check which upgrades are available for the tools by looking at their tooltip while holding 'shift'."
    },
    {
      "type": "patchouli:text",
      "text": "To install upgrades, craft the appropriate upgrade item, and then place your armor and the upgrade item in a smithing table.$(br2)Use the upgrade templates to upgrade from one tier to the next, and maintain your installed upgrades."
    },
    {
      "type": "patchouli:text",
      "text": "Shift-Click any tool when it's in your hand to configure it. You can then click on your armor in this screen to access it's upgrades. From here, you can toggle on or off specific upgrades by clicking on them.$(br2)Right click the upgrade to change some settings (if they have any) or assign a hotkey. If the ability is passive, the hotkey will toggle its activation. If the ability is active, the hotkey will trigger it."
    },
    {
      "type": "patchouli:text",
      "text": "Active abilities, such as invulnerability, must be assigned to a hotkey. See the $(l:justdirethings:upgrade_basics)Upgrade Basics$(/l) entry for more details on this system.$(br2)Armor can be upgraded in the smithing table (check JEI for the recipe) and will maintain installed upgrades when crafted in this way."
    }
  ]
}
