{
  "name": "Celestigem Helmet",
  "sortnum": 9,
  "category": "justdirethings:armor",
  "icon": "justdirethings:celestigem_helmet[justdirethings:forge_energy=10000]",
  "pages": [
    {
      "type": "patchouli:text",
      "text": "The Celestigem Helmet harnesses Forge Energy for durability, storing up to 10,000 FE. Keep it charged using a $(l:justdirethings:item_pocket_generator)Pocket Generator$(/l)."
    },
    {
      "type": "patchouli:crafting",
      "title": "Celestigem Helmet Crafting",
      "recipe": "justdirethings:celestigem_helmet"
    }
  ]
}
