{
  "name": "Ferricore Helmet",
  "sortnum": 1,
  "category": "justdirethings:armor",
  "icon": "justdirethings:ferricore_helmet",
  "pages": [
    {
      "type": "patchouli:text",
      "text": "The Ferricore Helmet offers basic protection with a style reminiscent of ancient warriors. It provides slightly better defense than iron helmets and has the potential to be upgraded with unique abilities to enhance its protective qualities."
    },
    {
      "type": "patchouli:crafting",
      "title": "Ferricore Helmet Crafting",
      "recipe": "justdirethings:ferricore_helmet"
    }
  ]
}
