{
  "name": "Blazegold Leggings",
  "sortnum": 7,
  "category": "justdirethings:armor",
  "icon": "justdirethings:blazegold_leggings",
  "pages": [
    {
      "type": "patchouli:text",
      "text": "Blazegold Leggings offer superior mobility and protection. Utilize the Lava Repair ability by dropping these leggings into a lava source block for full repair."
    },
    {
      "type": "patchouli:crafting",
      "title": "Blazegold Leggings Crafting",
      "recipe": "justdirethings:blazegold_leggings"
    }
  ]
}
