{
  "name": "Shadowpulse Goo",
  "sortnum": 4,
  "category": "justdirethings:goo",
  "icon": "justdirethings:gooblock_tier4",
  "pages": [
    {
      "type": "patchouli:text",
      "text": "At the pinnacle of goo research lies Shadowpulse Goo, capable of transforming Netherite into Eclipse Alloy. This top-tier goo enables the creation of supremely powerful items.$(br2)Shadowpulse Goo is crafted from the rarest and most powerful of materials, offering unmatched capabilities in material transformation."
    },
    {
      "type": "patchouli:crafting",
      "title": "Crafting Shadowpulse Goo",
      "recipe": "justdirethings:gooblock_tier4"
    }
  ]
}
