{
  "name": "Blazebloom Goo",
  "sortnum": 2,
  "category": "justdirethings:goo",
  "icon": "justdirethings:gooblock_tier2",
  "pages": [
    {
      "type": "patchouli:text",
      "text": "Blazebloom Goo captures the fiery essence of the Nether. It can transform Gold into Blazegold, a material infused with solar energies that enhances both crafting and magical applications.$(br2)Ideal for intermediate alchemists, Blazebloom Goo represents a step up in the ability to manipulate and refine resources."
    },
    {
      "type": "patchouli:crafting",
      "title": "Crafting Blazebloom Goo",
      "recipe": "justdirethings:gooblock_tier2"
    }
  ]
}
