{
  "name": "VoidShimmer Goo",
  "sortnum": 3,
  "category": "justdirethings:goo",
  "icon": "justdirethings:gooblock_tier3",
  "pages": [
    {
      "type": "patchouli:text",
      "text": "VoidShimmer Goo, imbued with the mysterious energies of the End, allows for the transformation of Diamonds into Celestigem. This goo tier enables the creation of materials with extraordinary properties, such as enhanced energy storage, and teleportation."
    },
    {
      "type": "patchouli:crafting",
      "title": "Crafting VoidShimmer Goo",
      "recipe": "justdirethings:gooblock_tier3"
    }
  ]
}
