{
  "name": "Goo Basics",
  "sortnum": 0,
  "category": "justdirethings:goo",
  "icon": "justdirethings:gooblock_tier1",
  "pages": [
    {
      "type": "patchouli:text",
      "text": "Goo is a transformative substance that can alter certain blocks placed adjacent to it. Each tier of goo has the capacity to consume and convert stronger blocks into new, advanced resources.$(br2)This system allows for the progressive unlocking of materials and crafting capabilities."
    },
    {
      "type": "patchouli:text",
      "text": "To utilize goo:$(br2)1. Craft a goo block and position it in your world.$(br2)2. Activate the goo by feeding it a specific resource it can consume (indicated by the goo block).$(br2)3. Place an eligible block next to the activated goo to start the transformation process."
    },
    {
      "type": "patchouli:text",
      "text": "Note: After transforming a block, there's a 10% chance the goo will need reactivation by feeding it another item. While inactive, the goo cannot initiate new transformations, but any ongoing processes will continue to completion.$(br2)Higher tier goo can always craft everything a lower tier can, and are much faster."
    }
  ]
}
