{
  "name": "Primogel Goo",
  "sortnum": 1,
  "category": "justdirethings:goo",
  "icon": "justdirethings:gooblock_tier1",
  "pages": [
    {
      "type": "patchouli:text",
      "text": "Primogel Goo, the foundational tier of goo, can transform basic resources like Iron into Ferricore. It is perfect for initial experiments in material transformation and enhancing common materials into something more useful and efficient.$(br2)Crafted from simple Overworld materials, Primogel Goo is the first step in exploring the alchemical potential of goo."
    },
    {
      "type": "patchouli:crafting",
      "title": "Crafting Primogel Goo",
      "recipe": "justdirethings:gooblock_tier1"
    }
  ]
}
