{
  "name": "Eclipsegate Wand",
  "sortnum": 7,
  "category": "justdirethings:items",
  "icon": "justdirethings:eclipsegate_wand[justdirethings:forge_energy=100000]",
  "pages": [
    {
      "type": "patchouli:text",
      "text": "The Eclipsegate Wand represents the pinnacle of magical tool development, featuring unparalleled powers.$(br2)In addition to the $(l:justdirethings:item_voidshift_wand)Voidshift Wand$(/l) abilities, you can activate the Eclipse Gate ability. Simply right click on a block, and all blocks around and behind it disappear temporarily!"
    },
    {
      "type": "patchouli:text",
      "text": "After a few moments the original blocks will return as they were. Block Entities like chests are not affected.$(br2)The setting screen lets you adjust the range of this ability. "
    },
    {
      "type": "patchouli:crafting",
      "title": "Eclipsegate Wand Crafting",
      "recipe": "justdirethings:eclipsegate_wand"
    }
  ]
}
