{
  "name": "Ferricore Wrench",
  "sortnum": 3,
  "category": "justdirethings:items",
  "icon": "justdirethings:ferricore_wrench",
  "pages": [
    {
      "type": "patchouli:text",
      "text": "The Ferricore Wrench is a versatile tool used to rotate blocks and link Swappers. A must-have for builders and technicians looking to optimize their constructions."
    },
    {
      "type": "patchouli:crafting",
      "title": "Ferricore Wrench Crafting",
      "recipe": "justdirethings:ferricore_wrench"
    }
  ]
}
