{
  "name": "Creature Catcher",
  "sortnum": 8,
  "category": "justdirethings:items",
  "icon": "justdirethings:creaturecatcher",
  "pages": [
    {
      "type": "patchouli:text",
      "text": "The Creature Catcher is an innovative tool for capturing and releasing entities. Simply throw it at an entity to capture it, and toss it again to release the captured entity.$(br2)You can also use it in some filters to filter very specific types of entities, such as only filtering blue sheep."
    },
    {
      "type": "patchouli:crafting",
      "title": "Creature Catcher Crafting",
      "recipe": "justdirethings:creaturecatcher"
    }
  ]
}
