{
  "name": "Blazejet Wand",
  "sortnum": 5,
  "category": "justdirethings:items",
  "icon": "justdirethings:blazejet_wand",
  "pages": [
    {
      "type": "patchouli:text",
      "text": "The Blazejet Wand is a great way to get around! It comes with the air burst ability built in.$(br2)Activate this ability using right click (or customize it in the tool settings screen) to blast you in the direction you're facing."
    },
    {
      "type": "patchouli:text",
      "text": "Higher tiers of this wand allow you to go even further, which you can configure with a slider in the tool settings screen.$(br2)While holding this in your hand, you won't take any fall damage. But ensure its in your hand!$(br2)This tool comes with the lava repair ability, so drop it in a lava source block to repair it."
    },
    {
      "type": "patchouli:crafting",
      "title": "Blazejet Wand Crafting",
      "recipe": "justdirethings:blazejet_wand"
    }
  ]
}
