{
  "name": "Строительный гаджет",
  "sortnum": 1,
  "category": "buildinggadgets2:gadgets",
  "icon": "buildinggadgets2:gadget_building[buildinggadgets2:forge_energy=500000]",
  "pages": [
    {
      "type": "patchouli:text",
      "text": "Строительный гаджет позволяет очень легко ставить большое количество блоков одновременно! $(br2)Во-первых, убедитесь, что у гаджета есть энергия. $(br2)Во-вторых, нажмите Shift-ПКМ по блоку в мире, чтобы указать блок для строительства."
    },
    {
      "type": "patchouli:text",
      "text": "Вы можете выбрать свой $(l:buildinggadgets2:modes)Режим строительства$(/l), удерживая клавишу настроек. Каждый режим описан в соответствующей записи в этой книге. Режим по умолчанию - $(l:buildinggadgets2:mode_build_to_me)Строить-ко-мне$(/l). $(br2)Когда Вы смотрите на блок в мире, Вы увидите отрисовку блоков, которые будут размещены. Если Вам не хватает необходимых предметов или энергии для размещения этих блоков, они будут иметь красное наложение. Нажмите ПКМ, чтобы разместить блоки, как показано."
    },
    {
      "type": "patchouli:image",
      "title": "Строительство",
      "images": [
        "buildinggadgets2:textures/book/images/ghost_render.png"
      ],
      "border": true,
      "text": "Визуализация того, что будет построено"
    },
    {
      "type": "patchouli:text",
      "text": "Когда Вы нажмёте ПКМ, начнётся строительство. Предметы будут изъяты из Вашего инвентаря для размещения в мире, а блоки, для которых у Вас нет необходимого предмета, будут пропущены. $(br2)Не забывайте, что Вы можете $(l:buildinggadgets2:mech_undo)отменить$(/l) действие, если допустили ошибку!"
    }
  ]
}