{
  "name": "Анимации строительства",
  "sortnum": 1,
  "category": "buildinggadgets2:mechanics",
  "icon": "buildinggadgets2:textures/book/icons/raytrace_fluid.png",
  "pages": [
    {
      "type": "patchouli:text",
      "text": "Каждому гаджету можно назначить анимацию строительства, по умолчанию это 'рост'. Попробуйте их все и посмотрите, какая Вам нравится больше!$(br2)Смена анимации НЕ влияет на функциональность гаджетов, она лишь делает анимации размещения блоков визуально разными."
    }
  ]
}