{
  "name": "Якорь",
  "sortnum": 1,
  "category": "buildinggadgets2:mechanics",
  "icon": "buildinggadgets2:textures/book/icons/anchor.png",
  "pages": [
    {
      "type": "patchouli:text",
      "text": "Якорь позволяет «зафиксировать» блок, на который Вы смотрите, чтобы Вы могли свободно двигаться или осматриваться. Для этого есть горячая клавиша, или Вы можете получить доступ к этой функции через меню настроек. $(br2)Вы можете в любой момент нажать ПКМ, чтобы построить структуру, когда она закреплена.$(br2)Примечание: Изменение радиуса действия может вступить в силу только после того, как Вы уберёте и заново установите якорь."
    },
    {
      "type": "patchouli:image",
      "title": "Якорь",
      "images": [
        "buildinggadgets2:textures/book/images/anchor1.png"
      ],
      "border": true,
      "text": "Закрепите Ваше отображение!"
    }
  ]
}