{
  "name": "Отмена",
  "sortnum": 1,
  "category": "buildinggadgets2:mechanics",
  "icon": "buildinggadgets2:textures/book/icons/undo.png",
  "pages": [
    {
      "type": "patchouli:text",
      "text": "Функция «Отмена» отменяет последнее действие, выполненное Вашим гаджетом, будь то удаление последнего набора построенных блоков или возврат последнего набора заменённых блоков.$(br2)Если Вы отменяете обмен, убедитесь, что у Вас всё ещё есть необходимые предметы в инвентаре!$(br2)Отмена запоминает последние 10 действий, совершённых гаджетом."
    },
    {
      "type": "patchouli:text",
      "text": "Доступ к функции «Отмена» можно получить через горячую клавишу или из меню настроек гаджета.$(br2)Гаджет вырезать-вставить не имеет функциональности отмены!"
    }
  ]
}