{
  "name": "Горизонтальная стена",
  "sortnum": 1,
  "category": "buildinggadgets2:modes",
  "icon": "buildinggadgets2:textures/book/mode/horizontal_wall.png",
  "pages": [
    {
      "type": "patchouli:text",
      "text": "Режим «Горизонтальная Стена» работает несколькими способами. С включённой опцией «поместить сверху» он будет строить область над блоком, на который Вы смотрите, или протянется к Вам, если Вы смотрите на боковую сторону. $(br2)С выключенной опцией «поместить сверху» он будет строить вокруг блока, на который Вы смотрите.$(br2)Смотрите картинки справа для разных вариантов."
    },
    {
      "type": "patchouli:image",
      "title": "Горизонтальная стена",
      "images": [
        "buildinggadgets2:textures/book/images/horzwall1.png",
        "buildinggadgets2:textures/book/images/horzwall3.png",
        "buildinggadgets2:textures/book/images/horzwall2.png"
      ],
      "border": true,
      "text": "Переключайте изображения выше, чтобы увидеть различные варианты"
    }
  ]
}