{
  "name": "Основы",
  "sortnum": 0,
  "category": "buildinggadgets2:modes",
  "icon": "buildinggadgets2:template",
  "pages": [
    {
      "type": "patchouli:text",
      "text": "И строительный гаджет, и гаджет обмена имеют настройку «диапазон», которая определяет количество затрагиваемых блоков. Каждый режим немного по-своему её использует, но в целом это представляет собой область.$(br2)Например, в режиме «Горизонтальный ряд» диапазон 3 будет означать 3 блока всего: по 1 с каждой стороны от блока, на который Вы смотрите. Округляется, если Вы выберете чётное число."
    },
    {
      "type": "patchouli:image",
      "title": "Диапазон 3",
      "images": [
        "buildinggadgets2:textures/book/images/horzrow4.png"
      ],
      "border": true,
      "text": "Диапазон 3"
    },
    {
      "type": "patchouli:text",
      "text": "Для стен диапазон 3 построит стену 3x3. Чётные числа немного изменяют высоту стены. $(br2) Экспериментируйте с визуализацией, чтобы добиться нужного Вам результата!"
    },
    {
      "type": "patchouli:image",
      "title": "Диапазон 3",
      "images": [
        "buildinggadgets2:textures/book/images/vertwall1.png"
      ],
      "border": true,
      "text": "Диапазон 3"
    }
  ]
}