{
  "name": "Ключи от подземелья",
  "icon": "bloodmagic:simplekey",
  "category": "bloodmagic:dungeons",
  "extra_recipe_mappings": {
    "bloodmagic:mineentrancekey": 2
  },
  "pages": [
    {
      "type": "patchouli:text",
      "text": "$(item)Ключи$() - это начальный способ перемещения по $(thing)Подземельям$(). Их можно найти в сундуках подземелья в $(thing)Царстве демонов$(), или изготовить. Самым простым вариантом являются $(item)Железные ключи$(), которые появляются в $(thing)Предбаннике$() а также на ближайших уровнях самог $(thing)Царства демонов$()."
    },
    {
      "type": "patchouli:text",
      "text": "При исследовании подземелья вы можете наткнуться на $(thing)Пространственное искажение$(). Они приведут вас либо к уникальному, не поддающемуся изготовлению ключу, либо к двери, которую можно открыть только этим ключом. Пространственные искажения образуются только в самом царстве демонов, и вы никогда не найдете их в предбаннике."
    },
    {
      "type": "patchouli:spotlight",
      "item": "bloodmagic:mineentrancekey",
      "title": "The Mines",
      "text": "Вход в $(thing)Шахты$() можно открыть только с помощью не создаваемого $(thing)Ключа бригадира$(), а все остальные двери - с помощью $(thing)Шахтерских ключей$(). Шахты открывают доступ к $(l:bloodmagic:dungeons/demonite)Демониту$(), а также к более редким предметам, но при этом они сопряжены с определенными трудностями."
    },
    {
      "type": "bloodmagic:crafting_soulforge",
      "heading": "Железный ключ",
      "recipe": "bloodmagic:soulforge/simple_key",
      "text": "$(italic)Если все так просто, почему мы не можем просто взломать замок?$()"
    },
    {
      "type": "bloodmagic:crafting_soulforge",
      "heading": "Шахтерский ключ",
      "recipe": "bloodmagic:soulforge/mine_key",
      "text": "$(italic)Идем на работу...!$()"
    }
  ]
}