{
	"name": "Кухонные материалы",
	"icon": "caupona:opus_latericium_chimney_flue",
	"category": "caupona:intro",
	"sortnum": 30,
	"pages": [
		{
			"type": "text",
			"text": "Кухонные принадлежности здесь включают прилавки, плиты и дымоходы. Предусмотрены принадлежности из нескольких материалов, чтобы соответствовать различным архитектурным стилям."
		},
		{
			"type": "spotlight",
			"item": "caupona:mud_counter",
			"text": "Изделия из грязи и сухого камня, для которых требуются только грязь и булыжник, достаточно дешевы, чтобы их можно было изготовить на очень ранних этапах игры. Их функция сопоставима с принадлежностями из других материалов, за исключением того, что печи из грязи и сухого камня нагреваются медленнее."
		},
		{
			"type": "spotlight",
			"item": "caupona:stone_brick_counter",
			"text": "Каменные изготавливаются из каменных кирпичей и каменных плит — обратите внимание, не из плит из каменного кирпича."
		},
		{
			"type": "spotlight",
			"item": "caupona:brick_counter",
			"text": "Кирпичные изготавливаются из кирпичей и кирпичных плит."
		},
		{
			"type": "spotlight",
			"item": "caupona:opus_latericium_counter",
			"text": "Изделия Opus latericium изготавливаются из блоков opus latericium и их плит. Они выглядят похоже на кирпичные аналоги, но с открытым бетоном."
		},
		{
			"type": "spotlight",
			"item": "caupona:opus_incertum_counter",
			"text": "Изделия Opus incertum изготавливаются из блоков opus incertum и их плит."
		}
	]
}