{
    "name": "Продвинутые ульи",
    "icon": "productivebees:advanced_oak_beehive",
    "category": "productivebees:hives",
    "sortnum": 2,
    "pages": [
        {
            "type": "patchouli:spotlight",
            "item": "productivebees:advanced_oak_beehive",
            "text": "Эта модификация расширяет идею ванильных улеев продвинутым ульем. В отличие от ванильного улья, продвинутый улей не требует костра для сбора мёда, его можно сломать и перенести с пчёлами внутри без использования шёлкового касания."
        },
        {
            "type": "patchouli:crafting",
            "recipe": "productivebees:hives/advanced_oak_beehive",
            "text": "Существует множество вариантов продвинутых ульев в зависимости от доступных в вашем наборе видов древесины."
        },
        {
            "type": "patchouli:text",
            "text": "Продвинутые ульи имеют интерфейс, через который можно увидеть, какие пчёлы находятся внутри улья, а также извлечь произведённые ресурсы. Продвинутые ульи можно дополнительно улучшить с помощью $(l:hives/expansion_boxes)коробки расширения$(/l). Присоединение $(l:hives/expansion_boxes)коробки расширения$(/l) увеличивает вместимость пчёл с 3 до 5 и позволяет устанавливать $(l:items/upgrades)улучшения$(/l)."
        },
        {
            "type": "patchouli:text",
            "text": "Если вам надоело ждать, пока пчёлы закончат свою работу и выйдут из улья, вы можете ударить улей или гнездо палкой, чтобы выгнать их, потеряв весь прогресс производства. Это работает только в случае, если пчёлам безопасно выйти (например, сейчас подходящая погода)."
        }
    ]
}