{
    "name": "Улей из яйца дракона",
    "icon": "productivebees:dragon_egg_hive",
    "category": "productivebees:hives",
    "sortnum": 4,
    "pages": [
        {
            "type": "patchouli:spotlight",
            "item": "productivebees:dragon_egg_hive",
            "text": "Специальный улей, созданный для драконовых пчёл, который позволяет пользователю собирать труднодоступные драконовые соты. В природе, драконовые пчёлы живут в обсидиановых гнёздах, но также могут обитать внутри выдолбленного яйца дракона. Их также можно переселить в продвинутый улей, но там они не будут производить дыхание дракона."
        },
        {
            "type": "patchouli:crafting",
            "recipe": "productivebees:nests/dragon_egg_hive",
            "text": "Из остатков можно приготовить сытный омлет"
        },
        {
            "type": "patchouli:text",
            "text": "Драконовые пчёлы, живущие в улье из яйца дракона в Энде, не нуждаются в цветах, так как они поглощают драконовую сущность из воздуха. При работе в любом другом месте, драконовым пчёлам необходим другой источник опыления.$(br2)Ульи из яйца дракона не поддерживают улучшения"
        }
    ]
}