{
    "name": "Гнёзда",
    "icon": "productivebees:oak_wood_nest",
    "category": "productivebees:hives",
    "sortnum": 1,
    "pages": [
        {
            "type": "patchouli:text",
            "text": "Гнёзда можно найти разбросанными по всему миру, и в каждом из них живёт одна отшельническая пчела. Гнёзда можно подобрать вместе с пчелой внутри, сломав их, при этом не требуется шёлковое касание. Чтобы очистить гнездо от пчелы и любых яиц, достаточно положить его в сетку создания."
        },
        {
            "type": "patchouli:text",
            "text": "Пустые гнёзда могут привлекать новых пчёл, если поместить в них одно или несколько медовых угощений. Нажмите ПКМ с медовым угощением, чтобы запустить отсчёт восстановления заселения."
        }
    ]
}