{
    "name": "Огненная пчела",
    "icon": "minecraft:blaze_powder",
    "read_by_default": true,
    "category": "productivebees:bees_hive",
    "flag": "productivebees:blazing",
    "pages": [
        {
            "type": "patchouli:text",
            "title": "Огненная пчела",
            "text": "Выводится от $(l:bees/wild/magmatic)магмовой пчелы$(/l) и $(l:bees/solitary/nomad)кочевой пчелы$(/l).",
            "anchor": "blazing"
        },
        {
            "type": "patchouli:entity",
            "entity": "productivebees:configurable_bee{type:'productivebees:blazing'}"
        }
    ]
}