{
	"name": "Пчела-крипер",
    "icon": "minecraft:gunpowder",
    "read_by_default": true,
    "category": "productivebees:bees_hive",
    "pages": [
        {
            "type": "patchouli:text",
            "title": "Пчела-крипер",
            "text": "Получается путём кормления обычной пчелы $(b)динамитом$(/b).",
            "anchor": "creeper"
        },
        {
            "type": "patchouli:entity",
            "entity": "productivebees:creeper_bee"
        }
    ]
}