{
    "name": "Изумрудная пчела",
    "icon": "minecraft:emerald",
    "read_by_default": true,
    "category": "productivebees:bees_hive",
    "flag": "productivebees:emerald",
    "pages": [
        {
            "type": "patchouli:text",
            "title": "Изумрудная пчела",
            "text": "Выводится от $(l:bees/wild/slimy)слизневой пчелы$(/l) и $(l:bees/hive/diamond)алмазной пчелы$(/l).",
            "anchor": "emerald"
        },
        {
            "type": "patchouli:entity",
            "entity": "productivebees:configurable_bee{type:'productivebees:emerald'}"
        }
    ]
}