{
    "name": "Пчела опыта",
    "icon": "minecraft:experience_bottle",
    "read_by_default": true,
    "category": "productivebees:bees_hive",
    "flag": "productivebees:experience",
    "pages": [
        {
            "type": "patchouli:text",
            "title": "Пчела опыта",
            "text": "Выводится от $(l:bees/hive/emerald)изумрудной пчелы$(/l) и $(l:bees/hive/lapis)лазуритовой пчелы$(/l).",
            "anchor": "experience"
        },
        {
            "type": "patchouli:entity",
            "entity": "productivebees:configurable_bee{type:'productivebees:experience'}"
        }
    ]
}