{
    "name": "Редстоуновая пчела",
    "icon": "minecraft:redstone",
    "read_by_default": true,
    "category": "productivebees:bees_hive",
    "flag": "productivebees:redstone",
    "pages": [
        {
            "type": "patchouli:text",
            "title": "Редстоуновая пчела",
            "text": "Выводится от $(l:bees/wild/glowing)светящейся пчелы$(/l) и $(l:bees/solitary/chocolate_mining)шоколадной шахтёрской пчелы$(/l).",
            "anchor": "redstone"
        },
        {
            "type": "patchouli:entity",
            "entity": "productivebees:configurable_bee{type:'productivebees:redstone'}"
        }
    ]
}