{
    "name": "Пчела-зомби",
    "icon": "minecraft:rotten_flesh",
    "read_by_default": true,
    "category": "productivebees:bees_hive",
    "flag": "productivebees:zombie",
    "pages": [
        {
            "type": "patchouli:text",
            "title": "Пчела-зомби",
            "text": "Заселяется в продвинутый улей, если улей пуст и в темноте.",
            "anchor": "zombie"
        },
        {
            "type": "patchouli:entity",
            "entity": "productivebees:configurable_bee{type:'productivebees:zombie'}"
        }
    ]
}