{
  "name": "Сила",
  "icon": "minecraft:blaze_powder",
  "category": "bloodmagic:alchemy_table/potion_flasks/vanilla",
  "pages": [
    {
      "type": "patchouli:text",
      "text": "$(thing)Сила$() увеличивает урон атаки объекта на 3 единицы за уровень."
    },
    {
      "type": "bloodmagic:3x_crafting_flask",
      "a.heading": "Сила (3:00)",
      "a.recipe": "bloodmagic:flask/strength",
      "b.heading": "Сила (8:00)",
      "b.recipe": "bloodmagic:flask/length_strength",
      "c.heading": "Сила II (1:30)",
      "c.recipe": "bloodmagic:flask/potency_strength"
    },
    {
      "type": "patchouli:text",
      "text": "добавление $(l:bloodmagic:alchemy_table/potions#average_potions)Стандартных катализаторов$() позволит усилить зелье."
    },
    {
      "type": "bloodmagic:2x_crafting_flask",
      "a.heading": "Сила III (0:45)",
      "a.recipe": "bloodmagic:flask/potency_average_strength",
      "b.heading": "Сила (21:20)",
      "b.recipe": "bloodmagic:flask/length_average_strength"
    }

  ]
}
