{
  "name": "ЕЩЕ НЕ РЕАЛИЗОВАНО",
  "icon": "minecraft:barrier",
  "category": "bloodmagic:utility",
  "extra_recipe_mappings": {
    "bloodmagic:lightritualstone": 0,
    "bloodmagic:mimic": 0,
    "bloodmagic:ethereal_mimic": 0,
    "bloodmagic:etherealslate": 0,
    "bloodmagic:nether_soil": 0,
    "bloodmagic:growing_doubt": 0,
    "bloodmagic:doubt_bucket": 0,
    "bloodmagic:activationcrystalawakened": 0,
    "bloodmagic:will_power_anointment": 0
  },
  "pages": [
    {
      "type": "text",
      "text": "Хорошо, сломаем стену немонимания. $(blood)Blood Magic$() находится все еще в ранней альфа-версии, и многие вещи, которые вы, возможно, помните из более ранних версий, еще не реализованы. Некоторые из этих вещей могут вернуться в будущем, другие уже улучшены или забыты. (связанная броня и оружие...)$(br) $(li)Автоматизация. Некоторые ритуалы перерабатываются, это все еще находится в разработке."
    },
    {
      "type": "text",
      "text": "$(li)Ритуалы тайного пепла. Некоторые из них скоро вернутся, а пока ждите и смотрите. $(li)Ритуал привязки - он покинул нас с версии 1.7.10, больше не спрашивайте о нём. $(li)Несовершенные ритуалы (лазурит и т.д.) - некоторые из них были реализованы как алхимические массивы. $(li)Сигил замерзшего озера. $(li)Сигил упругости. $(li)Флаконы зелья. $(li)Сигил стихийной привязанности. $(li)Сигил когтя."
    },
    {
      "type": "text",
      "text": "$(li)Дополнительные черты живой брони (некоторые из них есть, но не все) $(li)Ритуал запрета. $(li)Ритуал удержания. $(li)Ритуал высокого прыжка. $(li)Ритуал насыщенного желудка. $(li)Зов зефира. $(li)Ле Вулькано Фриджиус. $(li)Раскол древесины. $(li)Укладка заполнителя. $(li)Ритуал подавления. $(li)Телепортаторы. $(li)Ритуал разборки. $(li)Ритуал предвидения."
    },
    {
      "type": "text",
      "text": "$(li)Демонический пилон. $(li)Великий камень души. $(li)Спектральное оружие и инструменты. $(li)Сигил телепозиции. $(li)Сигил подавления. $(li)Сигил транспозиции. $(li)Сигил разрушения края. $(li)Сигил сжатия. $(li)Сигил фантомного моста. $(li)Сборка высокого алтаря. $(li)Крик вечной души. $(li)Гимн сифонирования. $(li)Знак падающей башни. $(li)Почтение кондора."
    },
    {
      "type": "text",
      "text": "$(li)Ритуал заземления. $(li)Ритуал скорости. $(li)Врата свертывания. $(li)Ритуал оперения земли. $(li)Ритуал изгнания. $(li)Большинство из пятого уровня алтаря. $(li)Кровавый шар архимага. $(li)Пробужденный кристалл активации."
    },
    {
      "type": "text",
      "text": "$(li)Треннировочные браслеты. $(li)Покаяние отяжеленной души. $(br2)Другие функции могут появляться или исчезать по мере продвижения мода от Альфа-версии, через Бета-версию и, надеемся, к полноценному стабильному релизу. $(br2)Для получения более подробной информации, обратитесь к $(l:https://github.com/WayofTime/BloodMagic)Blood Magic Github$(), или сюда $(l:https://www.curseforge.com/minecraft/mc-mods/blood-magic)Blood Magic Curseforge Page$(), и конечно $(l:https://discord.gg/VtNrGrs)Blood Magic Discord$()."
    },
    {
      "type": "text",
      "text": "Это руководство было подготовлено Wrincewind и VT-14 на основе оригинального руководства Way, с некоторой помощью от Patchouli и MinecraftGuides.net. Переведено maya_miner1998. Спасибо за игру!:)"}
  ]
}
