{
  "name": "Растения",
  "icon": "caupona:walnut",
  "category": "caupona:worldgen",
  "sortnum": 0,
  "pages": [
    {
      "type": "text",
      "text": "Caupona добавляет одно дерево и два кустарника, которые естественным образом встречаются в разных биомах. Их объединяет общая характеристика: соответствующие плоды будут постепенно расти под их листьями."
    },
    {
      "type": "empty"
    },
    {
      "type": "image",
      "images": ["caupona:textures/gui/entries/walnut_tree.png"],
      "title": "Грецкий орех"
    },
    {
      "type": "spotlight",
      "item": "caupona:walnut",
      "text": "Грецкие орехи растут в лесах. Их можно использовать как древесину, а их плоды являются сырьем для получения масла."
    },
    {
      "type": "image",
      "images": ["caupona:textures/gui/entries/fig_tree.png"],
      "title": "Инжир"
    },
    {
      "type": "spotlight",
      "item": "caupona:fig",
      "text": "Инжирные деревья растут на равнинах. Разрушение их блоков дает только палки. Инжир — это плоды."
    },
    {
      "type": "image",
      "images": ["caupona:textures/gui/entries/wolfberry_tree.png"],
      "title": "Волчьи ягоды"
    },
    {
      "type": "spotlight",
      "item": "caupona:wolfberries",
      "text": "Волчьи ягоды растут в обдуваемых ветрами горах. Также, разрушение их блоков дает только палки. Волчьи ягоды — это плоды, но они также используются в специальном рецепте тушеного мяса."
    }
  ]
}