{
  "name": "Вулканическая фумарола",
  "icon": "caupona:pumice",
  "category": "caupona:worldgen",
  "sortnum": 1,
  "pages": [
    {
      "type": "text",
      "text": "Вулканические фумаролы встречаются в пустынях и горах. Некоторые из них активны с лавой на дне, некоторые остывают с магматическими блоками, а другие полностью остыли, с обсидиановыми блоками."
    },
    {
      "type": "spotlight",
      "item": "caupona:fumarole_vent",
      "text": "Вулканические фумаролы содержат блок жерла в центральной части. Если под ним находятся два блока лавы, то он активен, поджигает сущности на нем и постепенно генерирует пемзовые цветы на окружающей воде. Если блок под ним является магматическим блоком или обсидианом, пемзовые цветы не будут генерироваться."
    },
    {
      "type": "spotlight",
      "item": "caupona:pumice_bloom",
      "text": "При добыче пемзовых цветов выпадает пемза, важный строительный материал. Разрушьте их с помощью «Шелкового касания», чтобы получить сам пемзовый цветок."
    },
    {
      "type": "text",
      "text": "Активные или остывающие жерла являются бесплатными источниками тепла, которые обеспечивают меньший поток тепла по сравнению с большинством печей. Но если они $(l:tweaks/water_interaction)затоплены$(/l), они не будут ни давать тепло, ни генерировать пемзовые цветы."
    }
  ]
}