{
    "name": "Камера разведения",
    "icon": "productivebees:breeding_chamber",
    "category": "productivebees:blocks",
    "pages": [
        {
            "type": "patchouli:spotlight",
            "item": "productivebees:breeding_chamber",
            "text": "В этой машине вы можете разводить пчёл в безопасной среде. Обеспечьте машину двумя родительскими пчёлами, соответствующими им предметами для разведения, а также энергией и пустыми клетками для потомства. Вы можете ускорить процесс с помощью улучшений «Скорость»."
        }
    ]
}