{
    "name": "Инкубатор",
    "icon": "productivebees:incubator",
    "category": "productivebees:blocks",
    "pages": [
        {
            "type": "patchouli:spotlight",
            "item": "productivebees:incubator",
            "text": "Устали ждать, пока эти крошечная хрупкая детва вырастет? Используйте инкубатор, чтобы ускорить процесс. Просто поместите детву в клетку и вставьте её в инкубатор вместе с кучей медовых угощений."
        },
        {
            "type": "patchouli:text",
            "text": "Ещё одно применение инкубатора — внедрение в яйцо призыва определённого $(l:genetics/collecting#crystalline)гена$(/l) вида пчелы, чтобы получить яйцо призыва этого вида пчелы. Ген вида пчелы вы получаете через генетическую систему.$(br)При создании яйца призыва используется только ген вида. Любые дополнительные гены на медовом угощении будут потеряны."
        }
    ]
}