{
  "name": "Ритуалы - начало",
  "icon": "bloodmagic:activationcrystalcreative",
  "category": "bloodmagic:rituals",
  "priority": "true",
  "pages": [
    {
      "type": "text",
      "text": "Как только ваш $(l:bloodmagic:altar/blood_altar)кровавый алтарь$(/l) достигнет уровня 3, вы сможете погрузиться в удивительный мир ритуалов. $(br2)Для работы с ритуалами вам потребуется следующее: $(li)$(l:bloodmagic:rituals/activation_crystals)Активационный кристал$(). На уровне 3 доступен только $(item)Слабый активационный кристал$(). $(li)$(item)Главный ритуальный камень$(). Каждый ритуал требует ровно один в центре."
    },
    {
      "type": "text",
      "text": "$(li)Достаточное количество ритуальных камней. $(li)(Рекомендовано) $(l:bloodmagic:rituals/ritual_diviner)Ритуальный предсказатель$(). Хотя это и не обязательно, это значительно облегчит сбор ритуала. $(br2)Создать ритуал относительно просто. Нажмите [$(k:sneak)] + [$(k:use)] с ритуальным предсказателем в руке пока не отобразится название нужного ритуала. Проверьте необходимое количество рун, наведя на них курсор мыши в"
    },
    {
      "type": "text",
      "text": "инвентаре и удерживайте [$(k:sneak)]. $(br2)Установите главный ритуальный камень и удерживайте [$(k:use)] пока все камни не будут размещены и окрашены правильным элементом. Наконец, нажмите [$(k:use)] на главном ритуальном камне с активационным кристаллом в руке. Если вы все сделали правильно, вы должны получить сообщение 'Прилив энергии проходит через ритуал!'. Теперь ритуал активен."
    },
    {
      "type": "text",
      "text": "Если этого не происходит, возможно, что-то пошло не так. Если вместо этого вы получите сообщение 'Вы чувствуете толчок, но слишком слабы, чтобы выполнить этот ритуал', значит, у вас недостаточно $(blood)LP$() в вашей $(thing)сети душ$() чтобы активировать ритуал. $(br2)Если сообщение гласит: 'Вы чувствуете, что эти руны настроены неправильно...', значит, что-то пошло не так в расположении рун. Проверьте область на наличие препятствий и попробуйте снова собрать ритуал."
    },
    {
      "type": "text",
      "text": "Помните, что некоторые ритуалы простираются на несколько блоков выше и ниже главного ритуального камня. Если у вас нет ошибок, убедитесь, что кристалл активации привязан к вашей сети душ — это можно сделать, нажав [$(k:use)] удерживая его. $(br) Важно отметить, что кристалл не обязательно должен быть привязан к ВАШЕЙ сети - если вы можете завладеть кристаллом другого игрока, вы можете активировать ритуалы, используя его $(blood)LP$(). Храни кристал как зеницу ока!"
    },
    {
      "type": "text",
      "text": "Последнее примечание; все ритуалы реагируют на сигнал $(fire)красного камня$(), поэтому хороший способ деактивировать его — прикрепить рычаг сбоку от главного ритуального камня. Вы можете комбинировать эти знания с некоторой информацией из главы $(l:bloodmagic:altar/redstone_automation)'Редстоун и автоматизация'$() чтобы ваши ритуалы отключались автоматически задолго до того, как ваша $(thing)сеть души$() опустошится."
    }
  ]
}
