{
    "name": "Ловец",
    "icon": "productivebees:catcher",
    "category": "productivebees:blocks",
    "pages": [
        {
            "type": "patchouli:spotlight",
            "item": "productivebees:catcher",
            "text": "Загрузите его клетками, и он будет ловить любую пчелу, пролетающую над ним. Вы можете поставить сверху цветок или $(l:blocks/feeder)кормушку$(/l), чтобы привлечь пчёл."
        },
        {
            "type": "patchouli:text",
            "text": "Ловец принимает три улучшения: $(l:items/upgrades#babee)Улучшение «Детва»$(/l) отфильтрует взрослых пчёл и будет ловить только детву. $(l:items/upgrades#filter)Улучшение «Фильтр»$(/l) укажет ловить только пчёл, указанных в фильтре. $(l:items/upgrades#range)Улучшение «Диапазон»$(/l) увеличит радиус действия. Можно установить несколько улучшений «Диапазон»."
        }
    ]
}