{
    "name": "Центрифуга",
    "icon": "productivebees:centrifuge",
    "category": "productivebees:blocks",
    "pages": [
        {
            "type": "patchouli:spotlight",
            "item": "productivebees:centrifuge",
            "text": "Перерабатывает ресурсные соты в ресурсы и мёд. Вместимость — 10 вёдер жидкости, которую можно выкачать. Центрифуга также автоматически выводит жидкость в любую ёмкость, размещённую рядом. Электро-центрифуга работает на FE с увеличенной скоростью обработки. Центрифуга также используется для отделения генетического материала из бутылок с пчелиным материалом в $(l:genetics/transferring)гены$(/l)."
        }
    ]
}