{
    "name": "Кормушка",
    "icon": "productivebees:feeder",
    "category": "productivebees:blocks",
    "pages": [
        {
            "type": "patchouli:spotlight",
            "item": "productivebees:feeder",
            "text": "Может использоваться как точка сбора для кормления пчёл. Вместимость — 3 блока предметов. Когда пчёлы-лесники или карьерные пчёлы питаются от неё, они производят ресурсы из случайного предмета в кормушке."
        },
        {
            "type": "patchouli:text",
            "text": "Кормушки можно пропитать мёдом, предоставляя пчёлам отличное место, чтобы окунуть лапки и восстановиться после долгого рабочего дня, то есть это даёт им регенерацию."
        },
        {
            "type": "patchouli:text",
            "text": "Поскольку $(l:items/upgrades#simulator)симулированный улей$(/l) имеет только одну позицию цветочного блока, кормушки отлично с ним сочетаются, позволяя иметь до 3 разных пчёл, работающих в улье."
        }
    ]
}