{
    "name": "Индексер гена",
    "icon": "productivebees:gene_indexer",
    "category": "productivebees:blocks",
    "pages": [
        {
            "type": "patchouli:spotlight",
            "item": "productivebees:gene_indexer",
            "text": "Тонете в образцах? Устали от повторяющихся движений при объединении генов и чувствуете, что живёте в дне сурка? Тогда этот блок для вас!"
        },
        {
            "type": "patchouli:text",
            "text": "Наполните этот большой контейнер всеми генами, которые у вас валяются, щёлкните переключатель и наблюдайте, как автоматизированный внутренний индексер генов сам объединяет гены для вас. Это может быть не самый эффективный способ... но он автоматизирован!$(br2)Требуется сигнал редстоуна."
        }
    ]
}